-- ============================================================
-- hr.db 迁移脚本 v3 (严格按新平台schema)
-- 生成时间: 2026-06-19
-- 目标表: company(15列), department(13列), position(7列), member(32列)
-- 源: oa-staff-full-join.tsv + oa-org-company.tsv + oa-staff-enriched.tsv
-- ID规则: member_id=HR-{staff_id}, company_id=CMP-{oa_id}
--          department_id=DEPT-{oa_id}, position_id=POS-{oa_id}
-- ============================================================

BEGIN TRANSACTION;

-- ===== company (15列) =====
INSERT INTO company (company_id, company_name, short_name, credit_code, legal_person, address, contact_phone, contact_email, company_status, sort_order, remark, created_at, updated_at, created_by, updated_by)
VALUES (CMP-1, '北京兴德通医药科技股份有限公司', 'SINO', NULL, NULL, NULL, NULL, NULL, 'ACTIVE', 0, NULL, datetime('now'), datetime('now'), 'SYSTEM', 'SYSTEM');
INSERT INTO company (company_id, company_name, short_name, credit_code, legal_person, address, contact_phone, contact_email, company_status, sort_order, remark, created_at, updated_at, created_by, updated_by)
VALUES (CMP-4, '北京医科恩网络信息技术有限公司', 'YKEN', NULL, NULL, NULL, NULL, NULL, 'ACTIVE', 0, NULL, datetime('now'), datetime('now'), 'SYSTEM', 'SYSTEM');
INSERT INTO company (company_id, company_name, short_name, credit_code, legal_person, address, contact_phone, contact_email, company_status, sort_order, remark, created_at, updated_at, created_by, updated_by)
VALUES (CMP-5, '募兴（武汉）医药科技有限公司', 'MXYY', NULL, NULL, NULL, NULL, NULL, 'ACTIVE', 0, NULL, datetime('now'), datetime('now'), 'SYSTEM', 'SYSTEM');
INSERT INTO company (company_id, company_name, short_name, credit_code, legal_person, address, contact_phone, contact_email, company_status, sort_order, remark, created_at, updated_at, created_by, updated_by)
VALUES (CMP-6, '首辅医学研究（北京）有限公司', 'SOFU', NULL, NULL, NULL, NULL, NULL, 'ACTIVE', 0, NULL, datetime('now'), datetime('now'), 'SYSTEM', 'SYSTEM');
INSERT INTO company (company_id, company_name, short_name, credit_code, legal_person, address, contact_phone, contact_email, company_status, sort_order, remark, created_at, updated_at, created_by, updated_by)
VALUES (CMP-7, '首益特配食', 'SY', NULL, NULL, NULL, NULL, NULL, 'ACTIVE', 0, NULL, datetime('now'), datetime('now'), 'SYSTEM', 'SYSTEM');
INSERT INTO company (company_id, company_name, short_name, credit_code, legal_person, address, contact_phone, contact_email, company_status, sort_order, remark, created_at, updated_at, created_by, updated_by)
VALUES (CMP-8, '兴德通医药科技（武汉）有限公司', 'SNIOWH', NULL, NULL, NULL, NULL, NULL, 'ACTIVE', 0, NULL, datetime('now'), datetime('now'), 'SYSTEM', 'SYSTEM');
INSERT INTO company (company_id, company_name, short_name, credit_code, legal_person, address, contact_phone, contact_email, company_status, sort_order, remark, created_at, updated_at, created_by, updated_by)
VALUES (CMP-9, '通化创优检测服务有限公司', 'CYJC', NULL, NULL, NULL, NULL, NULL, 'ACTIVE', 0, NULL, datetime('now'), datetime('now'), 'SYSTEM', 'SYSTEM');
INSERT INTO company (company_id, company_name, short_name, credit_code, legal_person, address, contact_phone, contact_email, company_status, sort_order, remark, created_at, updated_at, created_by, updated_by)
VALUES (CMP-10, '兴德通医药科技(苏州)有限公司', 'szxdt', NULL, NULL, NULL, NULL, NULL, 'ACTIVE', 0, NULL, datetime('now'), datetime('now'), 'SYSTEM', 'SYSTEM');
INSERT INTO company (company_id, company_name, short_name, credit_code, legal_person, address, contact_phone, contact_email, company_status, sort_order, remark, created_at, updated_at, created_by, updated_by)
VALUES (CMP-11, '曦捷生物医学新技术临床转化制备', 'Sygenex', NULL, NULL, NULL, NULL, NULL, 'ACTIVE', 0, NULL, datetime('now'), datetime('now'), 'SYSTEM', 'SYSTEM');

-- ===== department (13列) ===== (34行)
INSERT INTO department (department_id, department_name, company_id, parent_id, dept_type, manager_id, dept_status, sort_order, remark, created_at, updated_at, created_by, updated_by)
VALUES (DEPT-6, '商务发展部', 'CMP-1', NULL, 'GENERAL', NULL, 'ACTIVE', 0, NULL, datetime('now'), datetime('now'), 'SYSTEM', 'SYSTEM');
INSERT INTO department (department_id, department_name, company_id, parent_id, dept_type, manager_id, dept_status, sort_order, remark, created_at, updated_at, created_by, updated_by)
VALUES (DEPT-7, '组织部', 'CMP-1', NULL, 'GENERAL', NULL, 'ACTIVE', 0, NULL, datetime('now'), datetime('now'), 'SYSTEM', 'SYSTEM');
INSERT INTO department (department_id, department_name, company_id, parent_id, dept_type, manager_id, dept_status, sort_order, remark, created_at, updated_at, created_by, updated_by)
VALUES (DEPT-10, '财务部', 'CMP-1', NULL, 'GENERAL', NULL, 'ACTIVE', 0, NULL, datetime('now'), datetime('now'), 'SYSTEM', 'SYSTEM');
INSERT INTO department (department_id, department_name, company_id, parent_id, dept_type, manager_id, dept_status, sort_order, remark, created_at, updated_at, created_by, updated_by)
VALUES (DEPT-13, '科学事务部', 'CMP-1', NULL, 'GENERAL', NULL, 'ACTIVE', 0, NULL, datetime('now'), datetime('now'), 'SYSTEM', 'SYSTEM');
INSERT INTO department (department_id, department_name, company_id, parent_id, dept_type, manager_id, dept_status, sort_order, remark, created_at, updated_at, created_by, updated_by)
VALUES (DEPT-14, '医学运营部', 'CMP-1', NULL, 'GENERAL', NULL, 'ACTIVE', 0, NULL, datetime('now'), datetime('now'), 'SYSTEM', 'SYSTEM');
INSERT INTO department (department_id, department_name, company_id, parent_id, dept_type, manager_id, dept_status, sort_order, remark, created_at, updated_at, created_by, updated_by)
VALUES (DEPT-15, '数据部', 'CMP-1', NULL, 'GENERAL', NULL, 'ACTIVE', 0, NULL, datetime('now'), datetime('now'), 'SYSTEM', 'SYSTEM');
INSERT INTO department (department_id, department_name, company_id, parent_id, dept_type, manager_id, dept_status, sort_order, remark, created_at, updated_at, created_by, updated_by)
VALUES (DEPT-17, '质保培训部', 'CMP-1', NULL, 'GENERAL', NULL, 'ACTIVE', 0, NULL, datetime('now'), datetime('now'), 'SYSTEM', 'SYSTEM');
INSERT INTO department (department_id, department_name, company_id, parent_id, dept_type, manager_id, dept_status, sort_order, remark, created_at, updated_at, created_by, updated_by)
VALUES (DEPT-104, '兴德通外部人员', 'CMP-1', NULL, 'GENERAL', NULL, 'ACTIVE', 0, NULL, datetime('now'), datetime('now'), 'SYSTEM', 'SYSTEM');
INSERT INTO department (department_id, department_name, company_id, parent_id, dept_type, manager_id, dept_status, sort_order, remark, created_at, updated_at, created_by, updated_by)
VALUES (DEPT-252, 'SAS部', 'CMP-1', NULL, 'GENERAL', NULL, 'ACTIVE', 0, NULL, datetime('now'), datetime('now'), 'SYSTEM', 'SYSTEM');
INSERT INTO department (department_id, department_name, company_id, parent_id, dept_type, manager_id, dept_status, sort_order, remark, created_at, updated_at, created_by, updated_by)
VALUES (DEPT-260, '统计部', 'CMP-1', NULL, 'GENERAL', NULL, 'ACTIVE', 0, NULL, datetime('now'), datetime('now'), 'SYSTEM', 'SYSTEM');
INSERT INTO department (department_id, department_name, company_id, parent_id, dept_type, manager_id, dept_status, sort_order, remark, created_at, updated_at, created_by, updated_by)
VALUES (DEPT-266, '技术部', 'CMP-4', NULL, 'GENERAL', NULL, 'ACTIVE', 0, NULL, datetime('now'), datetime('now'), 'SYSTEM', 'SYSTEM');
INSERT INTO department (department_id, department_name, company_id, parent_id, dept_type, manager_id, dept_status, sort_order, remark, created_at, updated_at, created_by, updated_by)
VALUES (DEPT-305, '细胞临床研究中心', 'CMP-1', NULL, 'GENERAL', NULL, 'ACTIVE', 0, NULL, datetime('now'), datetime('now'), 'SYSTEM', 'SYSTEM');
INSERT INTO department (department_id, department_name, company_id, parent_id, dept_type, manager_id, dept_status, sort_order, remark, created_at, updated_at, created_by, updated_by)
VALUES (DEPT-322, '药物警戒医学评查部', 'CMP-1', NULL, 'GENERAL', NULL, 'ACTIVE', 0, NULL, datetime('now'), datetime('now'), 'SYSTEM', 'SYSTEM');
INSERT INTO department (department_id, department_name, company_id, parent_id, dept_type, manager_id, dept_status, sort_order, remark, created_at, updated_at, created_by, updated_by)
VALUES (DEPT-342, 'SMO', 'CMP-5', NULL, 'GENERAL', NULL, 'ACTIVE', 0, NULL, datetime('now'), datetime('now'), 'SYSTEM', 'SYSTEM');
INSERT INTO department (department_id, department_name, company_id, parent_id, dept_type, manager_id, dept_status, sort_order, remark, created_at, updated_at, created_by, updated_by)
VALUES (DEPT-353, '综合管理部', 'CMP-1', NULL, 'GENERAL', NULL, 'ACTIVE', 0, NULL, datetime('now'), datetime('now'), 'SYSTEM', 'SYSTEM');
INSERT INTO department (department_id, department_name, company_id, parent_id, dept_type, manager_id, dept_status, sort_order, remark, created_at, updated_at, created_by, updated_by)
VALUES (DEPT-359, NULL, 'CMP-6', NULL, 'GENERAL', NULL, 'ACTIVE', 0, NULL, datetime('now'), datetime('now'), 'SYSTEM', 'SYSTEM');
INSERT INTO department (department_id, department_name, company_id, parent_id, dept_type, manager_id, dept_status, sort_order, remark, created_at, updated_at, created_by, updated_by)
VALUES (DEPT-374, '财务部', 'CMP-9', NULL, 'GENERAL', NULL, 'ACTIVE', 0, NULL, datetime('now'), datetime('now'), 'SYSTEM', 'SYSTEM');
INSERT INTO department (department_id, department_name, company_id, parent_id, dept_type, manager_id, dept_status, sort_order, remark, created_at, updated_at, created_by, updated_by)
VALUES (DEPT-375, '综合管理部', 'CMP-9', NULL, 'GENERAL', NULL, 'ACTIVE', 0, NULL, datetime('now'), datetime('now'), 'SYSTEM', 'SYSTEM');
INSERT INTO department (department_id, department_name, company_id, parent_id, dept_type, manager_id, dept_status, sort_order, remark, created_at, updated_at, created_by, updated_by)
VALUES (DEPT-376, '业务部', 'CMP-9', NULL, 'GENERAL', NULL, 'ACTIVE', 0, NULL, datetime('now'), datetime('now'), 'SYSTEM', 'SYSTEM');
INSERT INTO department (department_id, department_name, company_id, parent_id, dept_type, manager_id, dept_status, sort_order, remark, created_at, updated_at, created_by, updated_by)
VALUES (DEPT-377, '质量控制部', 'CMP-9', NULL, 'GENERAL', NULL, 'ACTIVE', 0, NULL, datetime('now'), datetime('now'), 'SYSTEM', 'SYSTEM');
INSERT INTO department (department_id, department_name, company_id, parent_id, dept_type, manager_id, dept_status, sort_order, remark, created_at, updated_at, created_by, updated_by)
VALUES (DEPT-378, '检验部', 'CMP-9', NULL, 'GENERAL', NULL, 'ACTIVE', 0, NULL, datetime('now'), datetime('now'), 'SYSTEM', 'SYSTEM');
INSERT INTO department (department_id, department_name, company_id, parent_id, dept_type, manager_id, dept_status, sort_order, remark, created_at, updated_at, created_by, updated_by)
VALUES (DEPT-421, '医学运营部A组', 'CMP-1', NULL, 'GENERAL', NULL, 'ACTIVE', 0, NULL, datetime('now'), datetime('now'), 'SYSTEM', 'SYSTEM');
INSERT INTO department (department_id, department_name, company_id, parent_id, dept_type, manager_id, dept_status, sort_order, remark, created_at, updated_at, created_by, updated_by)
VALUES (DEPT-423, '医学运营部C组', 'CMP-1', NULL, 'GENERAL', NULL, 'ACTIVE', 0, NULL, datetime('now'), datetime('now'), 'SYSTEM', 'SYSTEM');
INSERT INTO department (department_id, department_name, company_id, parent_id, dept_type, manager_id, dept_status, sort_order, remark, created_at, updated_at, created_by, updated_by)
VALUES (DEPT-424, '北京区域', 'CMP-6', NULL, 'GENERAL', NULL, 'ACTIVE', 0, NULL, datetime('now'), datetime('now'), 'SYSTEM', 'SYSTEM');
INSERT INTO department (department_id, department_name, company_id, parent_id, dept_type, manager_id, dept_status, sort_order, remark, created_at, updated_at, created_by, updated_by)
VALUES (DEPT-426, '沈阳区域', 'CMP-6', NULL, 'GENERAL', NULL, 'ACTIVE', 0, NULL, datetime('now'), datetime('now'), 'SYSTEM', 'SYSTEM');
INSERT INTO department (department_id, department_name, company_id, parent_id, dept_type, manager_id, dept_status, sort_order, remark, created_at, updated_at, created_by, updated_by)
VALUES (DEPT-427, '湖北区域', 'CMP-6', NULL, 'GENERAL', NULL, 'ACTIVE', 0, NULL, datetime('now'), datetime('now'), 'SYSTEM', 'SYSTEM');
INSERT INTO department (department_id, department_name, company_id, parent_id, dept_type, manager_id, dept_status, sort_order, remark, created_at, updated_at, created_by, updated_by)
VALUES (DEPT-428, '湖南区域', 'CMP-6', NULL, 'GENERAL', NULL, 'ACTIVE', 0, NULL, datetime('now'), datetime('now'), 'SYSTEM', 'SYSTEM');
INSERT INTO department (department_id, department_name, company_id, parent_id, dept_type, manager_id, dept_status, sort_order, remark, created_at, updated_at, created_by, updated_by)
VALUES (DEPT-430, '华东区域', 'CMP-6', NULL, 'GENERAL', NULL, 'ACTIVE', 0, NULL, datetime('now'), datetime('now'), 'SYSTEM', 'SYSTEM');
INSERT INTO department (department_id, department_name, company_id, parent_id, dept_type, manager_id, dept_status, sort_order, remark, created_at, updated_at, created_by, updated_by)
VALUES (DEPT-550, '医学运营部D组', 'CMP-1', NULL, 'GENERAL', NULL, 'ACTIVE', 0, NULL, datetime('now'), datetime('now'), 'SYSTEM', 'SYSTEM');
INSERT INTO department (department_id, department_name, company_id, parent_id, dept_type, manager_id, dept_status, sort_order, remark, created_at, updated_at, created_by, updated_by)
VALUES (DEPT-573, NULL, 'CMP-1', NULL, 'GENERAL', NULL, 'ACTIVE', 0, NULL, datetime('now'), datetime('now'), 'SYSTEM', 'SYSTEM');
INSERT INTO department (department_id, department_name, company_id, parent_id, dept_type, manager_id, dept_status, sort_order, remark, created_at, updated_at, created_by, updated_by)
VALUES (DEPT-590, NULL, 'CMP-1', NULL, 'GENERAL', NULL, 'ACTIVE', 0, NULL, datetime('now'), datetime('now'), 'SYSTEM', 'SYSTEM');
INSERT INTO department (department_id, department_name, company_id, parent_id, dept_type, manager_id, dept_status, sort_order, remark, created_at, updated_at, created_by, updated_by)
VALUES (DEPT-592, '生产部', 'CMP-11', NULL, 'GENERAL', NULL, 'ACTIVE', 0, NULL, datetime('now'), datetime('now'), 'SYSTEM', 'SYSTEM');
INSERT INTO department (department_id, department_name, company_id, parent_id, dept_type, manager_id, dept_status, sort_order, remark, created_at, updated_at, created_by, updated_by)
VALUES (DEPT-593, '质量部', 'CMP-11', NULL, 'GENERAL', NULL, 'ACTIVE', 0, NULL, datetime('now'), datetime('now'), 'SYSTEM', 'SYSTEM');
INSERT INTO department (department_id, department_name, company_id, parent_id, dept_type, manager_id, dept_status, sort_order, remark, created_at, updated_at, created_by, updated_by)
VALUES (DEPT-594, '人力资源部', 'CMP-11', NULL, 'GENERAL', NULL, 'ACTIVE', 0, NULL, datetime('now'), datetime('now'), 'SYSTEM', 'SYSTEM');

-- ===== position (7列) ===== (72行)
INSERT INTO position (position_id, position_type, position_level, position_label, dept_id, sort_order, created_at)
VALUES (POS-1, NULL, NULL, '兴德通总经理', NULL, 0, datetime('now'));
INSERT INTO position (position_id, position_type, position_level, position_label, dept_id, sort_order, created_at)
VALUES (POS-23, NULL, NULL, '出纳', NULL, 0, datetime('now'));
INSERT INTO position (position_id, position_type, position_level, position_label, dept_id, sort_order, created_at)
VALUES (POS-28, NULL, NULL, '商务专员', NULL, 0, datetime('now'));
INSERT INTO position (position_id, position_type, position_level, position_label, dept_id, sort_order, created_at)
VALUES (POS-33, NULL, NULL, '医学专员', NULL, 0, datetime('now'));
INSERT INTO position (position_id, position_type, position_level, position_label, dept_id, sort_order, created_at)
VALUES (POS-35, NULL, NULL, '稽查专员', NULL, 0, datetime('now'));
INSERT INTO position (position_id, position_type, position_level, position_label, dept_id, sort_order, created_at)
VALUES (POS-41, NULL, NULL, '数据管理专员', NULL, 0, datetime('now'));
INSERT INTO position (position_id, position_type, position_level, position_label, dept_id, sort_order, created_at)
VALUES (POS-56, NULL, NULL, '临床监查员CRA', NULL, 0, datetime('now'));
INSERT INTO position (position_id, position_type, position_level, position_label, dept_id, sort_order, created_at)
VALUES (POS-60, NULL, NULL, '商务经理', NULL, 0, datetime('now'));
INSERT INTO position (position_id, position_type, position_level, position_label, dept_id, sort_order, created_at)
VALUES (POS-75, NULL, NULL, '行政专员', NULL, 0, datetime('now'));
INSERT INTO position (position_id, position_type, position_level, position_label, dept_id, sort_order, created_at)
VALUES (POS-106, NULL, NULL, '常务副总裁', NULL, 0, datetime('now'));
INSERT INTO position (position_id, position_type, position_level, position_label, dept_id, sort_order, created_at)
VALUES (POS-110, NULL, NULL, '实习生', NULL, 0, datetime('now'));
INSERT INTO position (position_id, position_type, position_level, position_label, dept_id, sort_order, created_at)
VALUES (POS-116, NULL, NULL, '实习生', NULL, 0, datetime('now'));
INSERT INTO position (position_id, position_type, position_level, position_label, dept_id, sort_order, created_at)
VALUES (POS-117, NULL, NULL, '实习生', NULL, 0, datetime('now'));
INSERT INTO position (position_id, position_type, position_level, position_label, dept_id, sort_order, created_at)
VALUES (POS-119, NULL, NULL, '实习生', NULL, 0, datetime('now'));
INSERT INTO position (position_id, position_type, position_level, position_label, dept_id, sort_order, created_at)
VALUES (POS-124, NULL, NULL, '统计师', NULL, 0, datetime('now'));
INSERT INTO position (position_id, position_type, position_level, position_label, dept_id, sort_order, created_at)
VALUES (POS-128, NULL, NULL, '医学副总监', NULL, 0, datetime('now'));
INSERT INTO position (position_id, position_type, position_level, position_label, dept_id, sort_order, created_at)
VALUES (POS-149, NULL, NULL, '档案管理员', NULL, 0, datetime('now'));
INSERT INTO position (position_id, position_type, position_level, position_label, dept_id, sort_order, created_at)
VALUES (POS-191, NULL, NULL, '招聘主管', NULL, 0, datetime('now'));
INSERT INTO position (position_id, position_type, position_level, position_label, dept_id, sort_order, created_at)
VALUES (POS-206, NULL, NULL, '药物警戒专员', NULL, 0, datetime('now'));
INSERT INTO position (position_id, position_type, position_level, position_label, dept_id, sort_order, created_at)
VALUES (POS-210, NULL, NULL, '医学经理', NULL, 0, datetime('now'));
INSERT INTO position (position_id, position_type, position_level, position_label, dept_id, sort_order, created_at)
VALUES (POS-224, NULL, NULL, '组织部', NULL, 0, datetime('now'));
INSERT INTO position (position_id, position_type, position_level, position_label, dept_id, sort_order, created_at)
VALUES (POS-253, NULL, NULL, '统计师', NULL, 0, datetime('now'));
INSERT INTO position (position_id, position_type, position_level, position_label, dept_id, sort_order, created_at)
VALUES (POS-255, NULL, NULL, 'SAS Leader', NULL, 0, datetime('now'));
INSERT INTO position (position_id, position_type, position_level, position_label, dept_id, sort_order, created_at)
VALUES (POS-261, NULL, NULL, '统计师', NULL, 0, datetime('now'));
INSERT INTO position (position_id, position_type, position_level, position_label, dept_id, sort_order, created_at)
VALUES (POS-271, NULL, NULL, '客服经理', NULL, 0, datetime('now'));
INSERT INTO position (position_id, position_type, position_level, position_label, dept_id, sort_order, created_at)
VALUES (POS-281, NULL, NULL, 'DM', NULL, 0, datetime('now'));
INSERT INTO position (position_id, position_type, position_level, position_label, dept_id, sort_order, created_at)
VALUES (POS-302, NULL, NULL, '组织部副总监', NULL, 0, datetime('now'));
INSERT INTO position (position_id, position_type, position_level, position_label, dept_id, sort_order, created_at)
VALUES (POS-303, NULL, NULL, '质控主管', NULL, 0, datetime('now'));
INSERT INTO position (position_id, position_type, position_level, position_label, dept_id, sort_order, created_at)
VALUES (POS-309, NULL, NULL, '医学主管', NULL, 0, datetime('now'));
INSERT INTO position (position_id, position_type, position_level, position_label, dept_id, sort_order, created_at)
VALUES (POS-316, NULL, NULL, '副主任', NULL, 0, datetime('now'));
INSERT INTO position (position_id, position_type, position_level, position_label, dept_id, sort_order, created_at)
VALUES (POS-320, NULL, NULL, '组织部副经理', NULL, 0, datetime('now'));
INSERT INTO position (position_id, position_type, position_level, position_label, dept_id, sort_order, created_at)
VALUES (POS-336, NULL, NULL, '药物警戒实习生', NULL, 0, datetime('now'));
INSERT INTO position (position_id, position_type, position_level, position_label, dept_id, sort_order, created_at)
VALUES (POS-337, NULL, NULL, '医学运营实习生', NULL, 0, datetime('now'));
INSERT INTO position (position_id, position_type, position_level, position_label, dept_id, sort_order, created_at)
VALUES (POS-341, NULL, NULL, '质保实习生', NULL, 0, datetime('now'));
INSERT INTO position (position_id, position_type, position_level, position_label, dept_id, sort_order, created_at)
VALUES (POS-343, NULL, NULL, 'CRC', NULL, 0, datetime('now'));
INSERT INTO position (position_id, position_type, position_level, position_label, dept_id, sort_order, created_at)
VALUES (POS-346, NULL, NULL, '细胞注册专员', NULL, 0, datetime('now'));
INSERT INTO position (position_id, position_type, position_level, position_label, dept_id, sort_order, created_at)
VALUES (POS-347, NULL, NULL, '财务经理', NULL, 0, datetime('now'));
INSERT INTO position (position_id, position_type, position_level, position_label, dept_id, sort_order, created_at)
VALUES (POS-352, NULL, NULL, '数据管理总监', NULL, 0, datetime('now'));
INSERT INTO position (position_id, position_type, position_level, position_label, dept_id, sort_order, created_at)
VALUES (POS-359, NULL, NULL, '首辅总监', NULL, 0, datetime('now'));
INSERT INTO position (position_id, position_type, position_level, position_label, dept_id, sort_order, created_at)
VALUES (POS-360, NULL, NULL, '综合管理主管', NULL, 0, datetime('now'));
INSERT INTO position (position_id, position_type, position_level, position_label, dept_id, sort_order, created_at)
VALUES (POS-381, NULL, NULL, '财务经理', NULL, 0, datetime('now'));
INSERT INTO position (position_id, position_type, position_level, position_label, dept_id, sort_order, created_at)
VALUES (POS-386, NULL, NULL, '综管经理', NULL, 0, datetime('now'));
INSERT INTO position (position_id, position_type, position_level, position_label, dept_id, sort_order, created_at)
VALUES (POS-394, NULL, NULL, '保洁员', NULL, 0, datetime('now'));
INSERT INTO position (position_id, position_type, position_level, position_label, dept_id, sort_order, created_at)
VALUES (POS-395, NULL, NULL, '保安', NULL, 0, datetime('now'));
INSERT INTO position (position_id, position_type, position_level, position_label, dept_id, sort_order, created_at)
VALUES (POS-397, NULL, NULL, '电气技术员', NULL, 0, datetime('now'));
INSERT INTO position (position_id, position_type, position_level, position_label, dept_id, sort_order, created_at)
VALUES (POS-398, NULL, NULL, '人事专员', NULL, 0, datetime('now'));
INSERT INTO position (position_id, position_type, position_level, position_label, dept_id, sort_order, created_at)
VALUES (POS-403, NULL, NULL, '业务部副经理', NULL, 0, datetime('now'));
INSERT INTO position (position_id, position_type, position_level, position_label, dept_id, sort_order, created_at)
VALUES (POS-405, NULL, NULL, '质控经理', NULL, 0, datetime('now'));
INSERT INTO position (position_id, position_type, position_level, position_label, dept_id, sort_order, created_at)
VALUES (POS-410, NULL, NULL, '检验经理', NULL, 0, datetime('now'));
INSERT INTO position (position_id, position_type, position_level, position_label, dept_id, sort_order, created_at)
VALUES (POS-418, NULL, NULL, '检验员', NULL, 0, datetime('now'));
INSERT INTO position (position_id, position_type, position_level, position_label, dept_id, sort_order, created_at)
VALUES (POS-434, NULL, NULL, '临床监查员CRA', NULL, 0, datetime('now'));
INSERT INTO position (position_id, position_type, position_level, position_label, dept_id, sort_order, created_at)
VALUES (POS-437, NULL, NULL, '助理项目经理APM', NULL, 0, datetime('now'));
INSERT INTO position (position_id, position_type, position_level, position_label, dept_id, sort_order, created_at)
VALUES (POS-439, NULL, NULL, 'CRA临床监查员', NULL, 0, datetime('now'));
INSERT INTO position (position_id, position_type, position_level, position_label, dept_id, sort_order, created_at)
VALUES (POS-451, NULL, NULL, '项目经理PM', NULL, 0, datetime('now'));
INSERT INTO position (position_id, position_type, position_level, position_label, dept_id, sort_order, created_at)
VALUES (POS-452, NULL, NULL, '临床监查员CRA', NULL, 0, datetime('now'));
INSERT INTO position (position_id, position_type, position_level, position_label, dept_id, sort_order, created_at)
VALUES (POS-462, NULL, NULL, '实习生', NULL, 0, datetime('now'));
INSERT INTO position (position_id, position_type, position_level, position_label, dept_id, sort_order, created_at)
VALUES (POS-483, NULL, NULL, '临床协调员CRC', NULL, 0, datetime('now'));
INSERT INTO position (position_id, position_type, position_level, position_label, dept_id, sort_order, created_at)
VALUES (POS-494, NULL, NULL, '临床协调员CRC', NULL, 0, datetime('now'));
INSERT INTO position (position_id, position_type, position_level, position_label, dept_id, sort_order, created_at)
VALUES (POS-516, NULL, NULL, '临床协调员CRC', NULL, 0, datetime('now'));
INSERT INTO position (position_id, position_type, position_level, position_label, dept_id, sort_order, created_at)
VALUES (POS-538, NULL, NULL, '临床协调员CRC', NULL, 0, datetime('now'));
INSERT INTO position (position_id, position_type, position_level, position_label, dept_id, sort_order, created_at)
VALUES (POS-548, NULL, NULL, 'SOP、题库、培训管理员', NULL, 0, datetime('now'));
INSERT INTO position (position_id, position_type, position_level, position_label, dept_id, sort_order, created_at)
VALUES (POS-554, NULL, NULL, '项目经理PM', NULL, 0, datetime('now'));
INSERT INTO position (position_id, position_type, position_level, position_label, dept_id, sort_order, created_at)
VALUES (POS-556, NULL, NULL, '临床监查员CRA', NULL, 0, datetime('now'));
INSERT INTO position (position_id, position_type, position_level, position_label, dept_id, sort_order, created_at)
VALUES (POS-560, NULL, NULL, '外部稽查账号', NULL, 0, datetime('now'));
INSERT INTO position (position_id, position_type, position_level, position_label, dept_id, sort_order, created_at)
VALUES (POS-567, NULL, NULL, '预算主管', NULL, 0, datetime('now'));
INSERT INTO position (position_id, position_type, position_level, position_label, dept_id, sort_order, created_at)
VALUES (POS-569, NULL, NULL, 'HC(运营）', NULL, 0, datetime('now'));
INSERT INTO position (position_id, position_type, position_level, position_label, dept_id, sort_order, created_at)
VALUES (POS-584, NULL, NULL, '商务运营经理', NULL, 0, datetime('now'));
INSERT INTO position (position_id, position_type, position_level, position_label, dept_id, sort_order, created_at)
VALUES (POS-588, NULL, NULL, '经理', NULL, 0, datetime('now'));
INSERT INTO position (position_id, position_type, position_level, position_label, dept_id, sort_order, created_at)
VALUES (POS-589, NULL, NULL, 'SCRA', NULL, 0, datetime('now'));
INSERT INTO position (position_id, position_type, position_level, position_label, dept_id, sort_order, created_at)
VALUES (POS-595, NULL, NULL, '人力资源', NULL, 0, datetime('now'));
INSERT INTO position (position_id, position_type, position_level, position_label, dept_id, sort_order, created_at)
VALUES (POS-596, NULL, NULL, '经理', NULL, 0, datetime('now'));
INSERT INTO position (position_id, position_type, position_level, position_label, dept_id, sort_order, created_at)
VALUES (POS-597, NULL, NULL, '经理', NULL, 0, datetime('now'));

-- ===== member (32列) ===== (106行)
-- 映射: gender 男→MALE/女→FEMALE, state在职→ACTIVE, loginname→employee_no

INSERT INTO member (member_id, name, employee_no, english_name, mobile, email, gender, birth_date, id_type, id_number, company_id, department_id, position_type, position_level, duty, hire_date, leave_date, member_status, report_to_id, work_city, gcp_certified, gcp_expiry_date, qualifications, therapeutic_exp, availability, availability_pct, avatar, remark, created_at, updated_at, created_by, updated_by)
VALUES (HR-252, '肖素芬', 'sinocro-xiaosufen', NULL, '13518884043', NULL, 'MALE', '1976-12-08', NULL, '362202197612080128', CMP-1, DEPT-6, POS-28, NULL, '商务专员', '2006-01-01', NULL, 'ACTIVE', NULL, NULL, 0, NULL, NULL, NULL, NULL, NULL, NULL, NULL, datetime('now'), datetime('now'), 'SYSTEM', 'SYSTEM');
INSERT INTO member (member_id, name, employee_no, english_name, mobile, email, gender, birth_date, id_type, id_number, company_id, department_id, position_type, position_level, duty, hire_date, leave_date, member_status, report_to_id, work_city, gcp_certified, gcp_expiry_date, qualifications, therapeutic_exp, availability, availability_pct, avatar, remark, created_at, updated_at, created_by, updated_by)
VALUES (HR-773, '董剑峰', 'sinocro-dongjianfeng', 'David', '18701581821', NULL, 'MALE', '1987-08-30', NULL, '340822198708300719', CMP-1, DEPT-6, POS-60, NULL, '商务经理', '2022-04-25', NULL, 'ACTIVE', NULL, NULL, 0, NULL, NULL, NULL, NULL, NULL, NULL, NULL, datetime('now'), datetime('now'), 'SYSTEM', 'SYSTEM');
INSERT INTO member (member_id, name, employee_no, english_name, mobile, email, gender, birth_date, id_type, id_number, company_id, department_id, position_type, position_level, duty, hire_date, leave_date, member_status, report_to_id, work_city, gcp_certified, gcp_expiry_date, qualifications, therapeutic_exp, availability, availability_pct, avatar, remark, created_at, updated_at, created_by, updated_by)
VALUES (HR-970, '袁慧莹', 'sinocro-yuanhuiying', 'Huiying Yuan', '15848692835', 'yuanhuiying@sinocro.com.cn', 'MALE', '1999-02-11', NULL, '15042219990211452X', CMP-1, DEPT-6, POS-60, NULL, '商务经理', '2024-05-20', NULL, 'ACTIVE', NULL, NULL, 0, NULL, NULL, NULL, NULL, NULL, NULL, NULL, datetime('now'), datetime('now'), 'SYSTEM', 'SYSTEM');
INSERT INTO member (member_id, name, employee_no, english_name, mobile, email, gender, birth_date, id_type, id_number, company_id, department_id, position_type, position_level, duty, hire_date, leave_date, member_status, report_to_id, work_city, gcp_certified, gcp_expiry_date, qualifications, therapeutic_exp, availability, availability_pct, avatar, remark, created_at, updated_at, created_by, updated_by)
VALUES (HR-996, '杜天北', 'sinocro-dutianbei', NULL, '13464625397', 'beibeibei8@126.com', 'MALE', '2000-07-18', NULL, '413026200007180622', CMP-1, DEPT-6, POS-584, NULL, '商务运营经理', '2024-08-06', NULL, 'ACTIVE', NULL, NULL, 0, NULL, NULL, NULL, NULL, NULL, NULL, NULL, datetime('now'), datetime('now'), 'SYSTEM', 'SYSTEM');
INSERT INTO member (member_id, name, employee_no, english_name, mobile, email, gender, birth_date, id_type, id_number, company_id, department_id, position_type, position_level, duty, hire_date, leave_date, member_status, report_to_id, work_city, gcp_certified, gcp_expiry_date, qualifications, therapeutic_exp, availability, availability_pct, avatar, remark, created_at, updated_at, created_by, updated_by)
VALUES (HR-1076, '赵茜楠', 'sinocro-zhaoxinan', 'Xinan', '18801187846', 'xinanzhao0316@foxmail.com', 'MALE', '1997-03-16', NULL, '110223199703160580', CMP-1, DEPT-6, POS-28, NULL, '商务专员', '2026-03-23', NULL, 'ACTIVE', NULL, NULL, 0, NULL, NULL, NULL, NULL, NULL, NULL, NULL, datetime('now'), datetime('now'), 'SYSTEM', 'SYSTEM');
INSERT INTO member (member_id, name, employee_no, english_name, mobile, email, gender, birth_date, id_type, id_number, company_id, department_id, position_type, position_level, duty, hire_date, leave_date, member_status, report_to_id, work_city, gcp_certified, gcp_expiry_date, qualifications, therapeutic_exp, availability, availability_pct, avatar, remark, created_at, updated_at, created_by, updated_by)
VALUES (HR-1082, '豆瑞涛', 'sinocro-douruitao', NULL, '17600400123', 'douruitao@sinocro.com.cn', 'MALE', '1994-05-01', NULL, '130503199405010933', CMP-1, DEPT-6, POS-60, NULL, '商务经理', '2026-05-06', NULL, 'ACTIVE', NULL, NULL, 0, NULL, NULL, NULL, NULL, NULL, NULL, NULL, datetime('now'), datetime('now'), 'SYSTEM', 'SYSTEM');
INSERT INTO member (member_id, name, employee_no, english_name, mobile, email, gender, birth_date, id_type, id_number, company_id, department_id, position_type, position_level, duty, hire_date, leave_date, member_status, report_to_id, work_city, gcp_certified, gcp_expiry_date, qualifications, therapeutic_exp, availability, availability_pct, avatar, remark, created_at, updated_at, created_by, updated_by)
VALUES (HR-476, '组织部', 'sinocro-od', NULL, '13683350521', NULL, 'MALE', NULL, NULL, NULL, CMP-1, DEPT-7, POS-224, NULL, '组织部', '2006-01-01', NULL, 'ACTIVE', NULL, NULL, 0, NULL, NULL, NULL, NULL, NULL, NULL, NULL, datetime('now'), datetime('now'), 'SYSTEM', 'SYSTEM');
INSERT INTO member (member_id, name, employee_no, english_name, mobile, email, gender, birth_date, id_type, id_number, company_id, department_id, position_type, position_level, duty, hire_date, leave_date, member_status, report_to_id, work_city, gcp_certified, gcp_expiry_date, qualifications, therapeutic_exp, availability, availability_pct, avatar, remark, created_at, updated_at, created_by, updated_by)
VALUES (HR-698, '王萌萌', 'sinocro-wangmengmeng', 'zoe', '15153069128', 'wangmengmeng@sinocro.com.cn', 'MALE', '1991-08-02', NULL, '372928199108023426', CMP-1, DEPT-7, POS-191, NULL, '招聘主管', '2021-11-15', NULL, 'ACTIVE', NULL, NULL, 0, NULL, NULL, NULL, NULL, NULL, NULL, NULL, datetime('now'), datetime('now'), 'SYSTEM', 'SYSTEM');
INSERT INTO member (member_id, name, employee_no, english_name, mobile, email, gender, birth_date, id_type, id_number, company_id, department_id, position_type, position_level, duty, hire_date, leave_date, member_status, report_to_id, work_city, gcp_certified, gcp_expiry_date, qualifications, therapeutic_exp, availability, availability_pct, avatar, remark, created_at, updated_at, created_by, updated_by)
VALUES (HR-713, '冯杨', 'sinocro-fengyang', 'Ivy', '18811389456', NULL, 'MALE', '1984-11-24', NULL, '120106198411247022', CMP-1, DEPT-7, POS-320, NULL, '组织部副经理', '2021-12-13', NULL, 'ACTIVE', NULL, NULL, 0, NULL, NULL, NULL, NULL, NULL, NULL, NULL, datetime('now'), datetime('now'), 'SYSTEM', 'SYSTEM');
INSERT INTO member (member_id, name, employee_no, english_name, mobile, email, gender, birth_date, id_type, id_number, company_id, department_id, position_type, position_level, duty, hire_date, leave_date, member_status, report_to_id, work_city, gcp_certified, gcp_expiry_date, qualifications, therapeutic_exp, availability, availability_pct, avatar, remark, created_at, updated_at, created_by, updated_by)
VALUES (HR-721, '李明', 'sinocro-liming', NULL, '17629003033', NULL, 'MALE', '1989-04-05', NULL, '222403198904056614', CMP-1, DEPT-7, POS-302, NULL, '组织部副总监', '2021-12-27', NULL, 'ACTIVE', NULL, NULL, 0, NULL, NULL, NULL, NULL, NULL, NULL, NULL, datetime('now'), datetime('now'), 'SYSTEM', 'SYSTEM');
INSERT INTO member (member_id, name, employee_no, english_name, mobile, email, gender, birth_date, id_type, id_number, company_id, department_id, position_type, position_level, duty, hire_date, leave_date, member_status, report_to_id, work_city, gcp_certified, gcp_expiry_date, qualifications, therapeutic_exp, availability, availability_pct, avatar, remark, created_at, updated_at, created_by, updated_by)
VALUES (HR-871, '顾益如', 'sinocro-guyiru', 'Amber', '18518690026', NULL, 'MALE', '1995-03-10', NULL, '210402199503100527', CMP-1, DEPT-7, POS-75, NULL, '行政专员', '2023-02-27', NULL, 'ACTIVE', NULL, NULL, 0, NULL, NULL, NULL, NULL, NULL, NULL, NULL, datetime('now'), datetime('now'), 'SYSTEM', 'SYSTEM');
INSERT INTO member (member_id, name, employee_no, english_name, mobile, email, gender, birth_date, id_type, id_number, company_id, department_id, position_type, position_level, duty, hire_date, leave_date, member_status, report_to_id, work_city, gcp_certified, gcp_expiry_date, qualifications, therapeutic_exp, availability, availability_pct, avatar, remark, created_at, updated_at, created_by, updated_by)
VALUES (HR-1007, '培训中心', 'sinocro-pxzx', NULL, '17688088000', NULL, 'MALE', '1978-12-12', NULL, '213335197812124578', CMP-1, DEPT-7, POS-119, NULL, '实习生', '2024-10-22', NULL, 'ACTIVE', NULL, NULL, 0, NULL, NULL, NULL, NULL, NULL, NULL, NULL, datetime('now'), datetime('now'), 'SYSTEM', 'SYSTEM');
INSERT INTO member (member_id, name, employee_no, english_name, mobile, email, gender, birth_date, id_type, id_number, company_id, department_id, position_type, position_level, duty, hire_date, leave_date, member_status, report_to_id, work_city, gcp_certified, gcp_expiry_date, qualifications, therapeutic_exp, availability, availability_pct, avatar, remark, created_at, updated_at, created_by, updated_by)
VALUES (HR-1058, '郭潼', 'sinocro-guotong', NULL, '17150160317', 'gt18203384988@163.com', 'MALE', '1997-10-27', NULL, '131182199710276628', CMP-1, DEPT-7, POS-224, NULL, '组织部', '2025-09-02', NULL, 'ACTIVE', NULL, NULL, 0, NULL, NULL, NULL, NULL, NULL, NULL, NULL, datetime('now'), datetime('now'), 'SYSTEM', 'SYSTEM');
INSERT INTO member (member_id, name, employee_no, english_name, mobile, email, gender, birth_date, id_type, id_number, company_id, department_id, position_type, position_level, duty, hire_date, leave_date, member_status, report_to_id, work_city, gcp_certified, gcp_expiry_date, qualifications, therapeutic_exp, availability, availability_pct, avatar, remark, created_at, updated_at, created_by, updated_by)
VALUES (HR-863, '王惠惠', 'sinocro-wanghuihui', NULL, '18331895510', NULL, 'MALE', '1996-07-01', NULL, '130434199607015221', CMP-1, DEPT-10, POS-23, NULL, '出纳', '2023-02-01', NULL, 'ACTIVE', NULL, NULL, 0, NULL, NULL, NULL, NULL, NULL, NULL, NULL, datetime('now'), datetime('now'), 'SYSTEM', 'SYSTEM');
INSERT INTO member (member_id, name, employee_no, english_name, mobile, email, gender, birth_date, id_type, id_number, company_id, department_id, position_type, position_level, duty, hire_date, leave_date, member_status, report_to_id, work_city, gcp_certified, gcp_expiry_date, qualifications, therapeutic_exp, availability, availability_pct, avatar, remark, created_at, updated_at, created_by, updated_by)
VALUES (HR-869, '王宏赟', 'sinocro-wanghongyun', NULL, '13426326092', NULL, 'MALE', '1983-11-01', NULL, '370303198311010624', CMP-1, DEPT-10, POS-347, NULL, '财务经理', '2023-02-16', NULL, 'ACTIVE', NULL, NULL, 0, NULL, NULL, NULL, NULL, NULL, NULL, NULL, datetime('now'), datetime('now'), 'SYSTEM', 'SYSTEM');
INSERT INTO member (member_id, name, employee_no, english_name, mobile, email, gender, birth_date, id_type, id_number, company_id, department_id, position_type, position_level, duty, hire_date, leave_date, member_status, report_to_id, work_city, gcp_certified, gcp_expiry_date, qualifications, therapeutic_exp, availability, availability_pct, avatar, remark, created_at, updated_at, created_by, updated_by)
VALUES (HR-934, '出纳', 'chuna', NULL, '17321380362', NULL, 'MALE', NULL, NULL, NULL, CMP-1, DEPT-10, POS-23, NULL, '出纳', '2023-08-03', NULL, 'ACTIVE', NULL, NULL, 0, NULL, NULL, NULL, NULL, NULL, NULL, NULL, datetime('now'), datetime('now'), 'SYSTEM', 'SYSTEM');
INSERT INTO member (member_id, name, employee_no, english_name, mobile, email, gender, birth_date, id_type, id_number, company_id, department_id, position_type, position_level, duty, hire_date, leave_date, member_status, report_to_id, work_city, gcp_certified, gcp_expiry_date, qualifications, therapeutic_exp, availability, availability_pct, avatar, remark, created_at, updated_at, created_by, updated_by)
VALUES (HR-1010, '王凤萍', 'sinocro-wangfengping', NULL, '18301058349', '19201195700@163.com', 'MALE', '1987-11-10', NULL, '34082219871110118X', CMP-1, DEPT-10, POS-567, NULL, '预算主管', '2024-11-01', NULL, 'ACTIVE', NULL, NULL, 0, NULL, NULL, NULL, NULL, NULL, NULL, NULL, datetime('now'), datetime('now'), 'SYSTEM', 'SYSTEM');
INSERT INTO member (member_id, name, employee_no, english_name, mobile, email, gender, birth_date, id_type, id_number, company_id, department_id, position_type, position_level, duty, hire_date, leave_date, member_status, report_to_id, work_city, gcp_certified, gcp_expiry_date, qualifications, therapeutic_exp, availability, availability_pct, avatar, remark, created_at, updated_at, created_by, updated_by)
VALUES (HR-994, '张维佳', 'sinocro-zhangweijia', NULL, '18220718300', '473984218@qq.com', 'MALE', '1997-10-30', NULL, '610322199710300032', CMP-1, DEPT-13, POS-309, NULL, '医学主管', '2024-08-02', NULL, 'ACTIVE', NULL, NULL, 0, NULL, NULL, NULL, NULL, NULL, NULL, NULL, datetime('now'), datetime('now'), 'SYSTEM', 'SYSTEM');
INSERT INTO member (member_id, name, employee_no, english_name, mobile, email, gender, birth_date, id_type, id_number, company_id, department_id, position_type, position_level, duty, hire_date, leave_date, member_status, report_to_id, work_city, gcp_certified, gcp_expiry_date, qualifications, therapeutic_exp, availability, availability_pct, avatar, remark, created_at, updated_at, created_by, updated_by)
VALUES (HR-1003, '闫晓涵', 'sinocro-yanxiaohan', NULL, '13718963556', NULL, 'MALE', '1993-09-16', NULL, '110106199309161225', CMP-1, DEPT-13, POS-309, NULL, '医学主管', '2024-09-23', NULL, 'ACTIVE', NULL, NULL, 0, NULL, NULL, NULL, NULL, NULL, NULL, NULL, datetime('now'), datetime('now'), 'SYSTEM', 'SYSTEM');
INSERT INTO member (member_id, name, employee_no, english_name, mobile, email, gender, birth_date, id_type, id_number, company_id, department_id, position_type, position_level, duty, hire_date, leave_date, member_status, report_to_id, work_city, gcp_certified, gcp_expiry_date, qualifications, therapeutic_exp, availability, availability_pct, avatar, remark, created_at, updated_at, created_by, updated_by)
VALUES (HR-1029, '杨钒', 'sinocro-yangfan', NULL, '13787173278', '1255175563@qq.com', 'MALE', '1997-12-26', NULL, '430725199712260342', CMP-1, DEPT-13, POS-33, NULL, '医学专员', '2025-02-26', NULL, 'ACTIVE', NULL, NULL, 0, NULL, NULL, NULL, NULL, NULL, NULL, NULL, datetime('now'), datetime('now'), 'SYSTEM', 'SYSTEM');
INSERT INTO member (member_id, name, employee_no, english_name, mobile, email, gender, birth_date, id_type, id_number, company_id, department_id, position_type, position_level, duty, hire_date, leave_date, member_status, report_to_id, work_city, gcp_certified, gcp_expiry_date, qualifications, therapeutic_exp, availability, availability_pct, avatar, remark, created_at, updated_at, created_by, updated_by)
VALUES (HR-1037, '李明喆', 'sinocro-limingzhe', NULL, '15811071241', NULL, 'MALE', '1986-07-07', NULL, '610104198607076185', CMP-1, DEPT-13, POS-128, NULL, '医学副总监', '2025-04-14', NULL, 'ACTIVE', NULL, NULL, 0, NULL, NULL, NULL, NULL, NULL, NULL, NULL, datetime('now'), datetime('now'), 'SYSTEM', 'SYSTEM');
INSERT INTO member (member_id, name, employee_no, english_name, mobile, email, gender, birth_date, id_type, id_number, company_id, department_id, position_type, position_level, duty, hire_date, leave_date, member_status, report_to_id, work_city, gcp_certified, gcp_expiry_date, qualifications, therapeutic_exp, availability, availability_pct, avatar, remark, created_at, updated_at, created_by, updated_by)
VALUES (HR-1048, '吴鑫鑫', 'sinocro-wuxinxin', NULL, '15823584271', NULL, 'MALE', '1998-07-05', NULL, '50010219980705653X', CMP-1, DEPT-13, POS-33, NULL, '医学专员', '2025-06-18', NULL, 'ACTIVE', NULL, NULL, 0, NULL, NULL, NULL, NULL, NULL, NULL, NULL, datetime('now'), datetime('now'), 'SYSTEM', 'SYSTEM');
INSERT INTO member (member_id, name, employee_no, english_name, mobile, email, gender, birth_date, id_type, id_number, company_id, department_id, position_type, position_level, duty, hire_date, leave_date, member_status, report_to_id, work_city, gcp_certified, gcp_expiry_date, qualifications, therapeutic_exp, availability, availability_pct, avatar, remark, created_at, updated_at, created_by, updated_by)
VALUES (HR-1081, '温兆瑞', 'sinocro-wenzhaorui', NULL, '19811940893', NULL, 'MALE', '1994-02-05', NULL, '130981199402051626', CMP-1, DEPT-13, POS-210, NULL, '医学经理', '2026-04-27', NULL, 'ACTIVE', NULL, NULL, 0, NULL, NULL, NULL, NULL, NULL, NULL, NULL, datetime('now'), datetime('now'), 'SYSTEM', 'SYSTEM');
INSERT INTO member (member_id, name, employee_no, english_name, mobile, email, gender, birth_date, id_type, id_number, company_id, department_id, position_type, position_level, duty, hire_date, leave_date, member_status, report_to_id, work_city, gcp_certified, gcp_expiry_date, qualifications, therapeutic_exp, availability, availability_pct, avatar, remark, created_at, updated_at, created_by, updated_by)
VALUES (HR-1083, '常旺', 'sinocro-changwang', NULL, '15595507276', NULL, 'MALE', '1998-07-27', NULL, '50022819980727152X', CMP-1, DEPT-13, POS-33, NULL, '医学专员', '2026-05-06', NULL, 'ACTIVE', NULL, NULL, 0, NULL, NULL, NULL, NULL, NULL, NULL, NULL, datetime('now'), datetime('now'), 'SYSTEM', 'SYSTEM');
INSERT INTO member (member_id, name, employee_no, english_name, mobile, email, gender, birth_date, id_type, id_number, company_id, department_id, position_type, position_level, duty, hire_date, leave_date, member_status, report_to_id, work_city, gcp_certified, gcp_expiry_date, qualifications, therapeutic_exp, availability, availability_pct, avatar, remark, created_at, updated_at, created_by, updated_by)
VALUES (HR-1085, '塞比热', 'sinocro-saibire', NULL, '17737491520', 'saibire@sinocro.com.cn', 'MALE', '1998-06-21', NULL, '653125199806216626', CMP-1, DEPT-13, POS-206, NULL, '药物警戒专员', '2026-06-03', NULL, 'ACTIVE', NULL, NULL, 0, NULL, NULL, NULL, NULL, NULL, NULL, NULL, datetime('now'), datetime('now'), 'SYSTEM', 'SYSTEM');
INSERT INTO member (member_id, name, employee_no, english_name, mobile, email, gender, birth_date, id_type, id_number, company_id, department_id, position_type, position_level, duty, hire_date, leave_date, member_status, report_to_id, work_city, gcp_certified, gcp_expiry_date, qualifications, therapeutic_exp, availability, availability_pct, avatar, remark, created_at, updated_at, created_by, updated_by)
VALUES (HR-739, '医学运营部', 'sop04', NULL, '13333333335', NULL, 'MALE', NULL, NULL, NULL, CMP-1, DEPT-14, POS-110, NULL, '实习生', '2022-02-10', NULL, 'ACTIVE', NULL, NULL, 0, NULL, NULL, NULL, NULL, NULL, NULL, NULL, datetime('now'), datetime('now'), 'SYSTEM', 'SYSTEM');
INSERT INTO member (member_id, name, employee_no, english_name, mobile, email, gender, birth_date, id_type, id_number, company_id, department_id, position_type, position_level, duty, hire_date, leave_date, member_status, report_to_id, work_city, gcp_certified, gcp_expiry_date, qualifications, therapeutic_exp, availability, availability_pct, avatar, remark, created_at, updated_at, created_by, updated_by)
VALUES (HR-1013, '辅助账号LW', 'sinocro-LW', NULL, '19099999999', NULL, 'MALE', NULL, NULL, NULL, CMP-1, DEPT-14, POS-337, NULL, '医学运营实习生', '2024-11-18', NULL, 'ACTIVE', NULL, NULL, 0, NULL, NULL, NULL, NULL, NULL, NULL, NULL, datetime('now'), datetime('now'), 'SYSTEM', 'SYSTEM');
INSERT INTO member (member_id, name, employee_no, english_name, mobile, email, gender, birth_date, id_type, id_number, company_id, department_id, position_type, position_level, duty, hire_date, leave_date, member_status, report_to_id, work_city, gcp_certified, gcp_expiry_date, qualifications, therapeutic_exp, availability, availability_pct, avatar, remark, created_at, updated_at, created_by, updated_by)
VALUES (HR-1084, '杨平', 'sinocro-yangping', NULL, '17600752038', NULL, 'MALE', NULL, NULL, NULL, CMP-1, DEPT-14, POS-56, NULL, '临床监查员CRA', '2026-06-03', NULL, 'ACTIVE', NULL, NULL, 0, NULL, NULL, NULL, NULL, NULL, NULL, NULL, datetime('now'), datetime('now'), 'SYSTEM', 'SYSTEM');
INSERT INTO member (member_id, name, employee_no, english_name, mobile, email, gender, birth_date, id_type, id_number, company_id, department_id, position_type, position_level, duty, hire_date, leave_date, member_status, report_to_id, work_city, gcp_certified, gcp_expiry_date, qualifications, therapeutic_exp, availability, availability_pct, avatar, remark, created_at, updated_at, created_by, updated_by)
VALUES (HR-341, '刘暾', 'sinocro-liutun', NULL, '13290789128', NULL, 'MALE', '1990-11-14', NULL, '362229199011142011', CMP-1, DEPT-15, POS-124, NULL, '统计师', '2018-11-30', NULL, 'ACTIVE', NULL, NULL, 0, NULL, NULL, NULL, NULL, NULL, NULL, NULL, datetime('now'), datetime('now'), 'SYSTEM', 'SYSTEM');
INSERT INTO member (member_id, name, employee_no, english_name, mobile, email, gender, birth_date, id_type, id_number, company_id, department_id, position_type, position_level, duty, hire_date, leave_date, member_status, report_to_id, work_city, gcp_certified, gcp_expiry_date, qualifications, therapeutic_exp, availability, availability_pct, avatar, remark, created_at, updated_at, created_by, updated_by)
VALUES (HR-523, '霍秀琴', 'sinocro-huoxiuqin', NULL, '15737892164', 'hhxiuqin@163.com', 'MALE', '1992-07-06', NULL, '410225199207061085', CMP-1, DEPT-15, POS-41, NULL, '数据管理专员', '2020-10-19', NULL, 'ACTIVE', NULL, NULL, 0, NULL, NULL, NULL, NULL, NULL, NULL, NULL, datetime('now'), datetime('now'), 'SYSTEM', 'SYSTEM');
INSERT INTO member (member_id, name, employee_no, english_name, mobile, email, gender, birth_date, id_type, id_number, company_id, department_id, position_type, position_level, duty, hire_date, leave_date, member_status, report_to_id, work_city, gcp_certified, gcp_expiry_date, qualifications, therapeutic_exp, availability, availability_pct, avatar, remark, created_at, updated_at, created_by, updated_by)
VALUES (HR-695, '胡浩臻', 'sinocro-huhaozhen', 'HaozhenHu', '18607258721', '1060443576@qq.com', 'MALE', '1995-10-01', NULL, '421102199510010478', CMP-1, DEPT-15, NULL, NULL, NULL, '2021-11-08', NULL, 'ACTIVE', NULL, NULL, 0, NULL, NULL, NULL, NULL, NULL, NULL, NULL, datetime('now'), datetime('now'), 'SYSTEM', 'SYSTEM');
INSERT INTO member (member_id, name, employee_no, english_name, mobile, email, gender, birth_date, id_type, id_number, company_id, department_id, position_type, position_level, duty, hire_date, leave_date, member_status, report_to_id, work_city, gcp_certified, gcp_expiry_date, qualifications, therapeutic_exp, availability, availability_pct, avatar, remark, created_at, updated_at, created_by, updated_by)
VALUES (HR-737, '数据部', 'sop02', NULL, '13333333332', NULL, 'MALE', NULL, NULL, NULL, CMP-1, DEPT-15, POS-117, NULL, '实习生', '2022-02-10', NULL, 'ACTIVE', NULL, NULL, 0, NULL, NULL, NULL, NULL, NULL, NULL, NULL, datetime('now'), datetime('now'), 'SYSTEM', 'SYSTEM');
INSERT INTO member (member_id, name, employee_no, english_name, mobile, email, gender, birth_date, id_type, id_number, company_id, department_id, position_type, position_level, duty, hire_date, leave_date, member_status, report_to_id, work_city, gcp_certified, gcp_expiry_date, qualifications, therapeutic_exp, availability, availability_pct, avatar, remark, created_at, updated_at, created_by, updated_by)
VALUES (HR-799, '庞浩鑫', 'sinocro-panghaoxin', NULL, '15200158151', NULL, 'MALE', '1994-01-20', NULL, '130532199401204011', CMP-1, DEPT-15, POS-352, NULL, '数据管理总监', '2022-06-16', NULL, 'ACTIVE', NULL, NULL, 0, NULL, NULL, NULL, NULL, NULL, NULL, NULL, datetime('now'), datetime('now'), 'SYSTEM', 'SYSTEM');
INSERT INTO member (member_id, name, employee_no, english_name, mobile, email, gender, birth_date, id_type, id_number, company_id, department_id, position_type, position_level, duty, hire_date, leave_date, member_status, report_to_id, work_city, gcp_certified, gcp_expiry_date, qualifications, therapeutic_exp, availability, availability_pct, avatar, remark, created_at, updated_at, created_by, updated_by)
VALUES (HR-929, '徐贤祥', 'sinocro-xuxianxiang', 'XianXiang Xu', '15872366932', NULL, 'MALE', '1996-04-13', NULL, '420921199604134414', CMP-1, DEPT-15, POS-281, NULL, 'DM', '2023-07-04', NULL, 'ACTIVE', NULL, NULL, 0, NULL, NULL, NULL, NULL, NULL, NULL, NULL, datetime('now'), datetime('now'), 'SYSTEM', 'SYSTEM');
INSERT INTO member (member_id, name, employee_no, english_name, mobile, email, gender, birth_date, id_type, id_number, company_id, department_id, position_type, position_level, duty, hire_date, leave_date, member_status, report_to_id, work_city, gcp_certified, gcp_expiry_date, qualifications, therapeutic_exp, availability, availability_pct, avatar, remark, created_at, updated_at, created_by, updated_by)
VALUES (HR-70, '陈得支', 'sinocro-chendezhi', NULL, '18612244165', 'chendezhi@sinocro.com.cn', 'MALE', '1988-11-21', NULL, '320722198811216938', CMP-1, DEPT-17, POS-35, NULL, '稽查专员', '2013-07-03', NULL, 'ACTIVE', NULL, NULL, 0, NULL, NULL, NULL, NULL, NULL, NULL, NULL, datetime('now'), datetime('now'), 'SYSTEM', 'SYSTEM');
INSERT INTO member (member_id, name, employee_no, english_name, mobile, email, gender, birth_date, id_type, id_number, company_id, department_id, position_type, position_level, duty, hire_date, leave_date, member_status, report_to_id, work_city, gcp_certified, gcp_expiry_date, qualifications, therapeutic_exp, availability, availability_pct, avatar, remark, created_at, updated_at, created_by, updated_by)
VALUES (HR-720, 'OA小助手', 'OA小助手', NULL, '16601559315', NULL, 'MALE', NULL, NULL, NULL, CMP-1, DEPT-17, POS-548, NULL, 'SOP、题库、培训管理员', '2021-12-22', NULL, 'ACTIVE', NULL, NULL, 0, NULL, NULL, NULL, NULL, NULL, NULL, NULL, datetime('now'), datetime('now'), 'SYSTEM', 'SYSTEM');
INSERT INTO member (member_id, name, employee_no, english_name, mobile, email, gender, birth_date, id_type, id_number, company_id, department_id, position_type, position_level, duty, hire_date, leave_date, member_status, report_to_id, work_city, gcp_certified, gcp_expiry_date, qualifications, therapeutic_exp, availability, availability_pct, avatar, remark, created_at, updated_at, created_by, updated_by)
VALUES (HR-744, '质保培训部', 'sop06', NULL, '13333333336', NULL, 'MALE', NULL, NULL, NULL, CMP-1, DEPT-17, POS-341, NULL, '质保实习生', '2022-02-15', NULL, 'ACTIVE', NULL, NULL, 0, NULL, NULL, NULL, NULL, NULL, NULL, NULL, datetime('now'), datetime('now'), 'SYSTEM', 'SYSTEM');
INSERT INTO member (member_id, name, employee_no, english_name, mobile, email, gender, birth_date, id_type, id_number, company_id, department_id, position_type, position_level, duty, hire_date, leave_date, member_status, report_to_id, work_city, gcp_certified, gcp_expiry_date, qualifications, therapeutic_exp, availability, availability_pct, avatar, remark, created_at, updated_at, created_by, updated_by)
VALUES (HR-1074, '梁惟', 'sinocro-liangwei', NULL, '17278181251', NULL, 'MALE', '1989-03-05', NULL, '232301198903053925', CMP-1, DEPT-17, POS-303, NULL, '质控主管', '2026-02-02', NULL, 'ACTIVE', NULL, NULL, 0, NULL, NULL, NULL, NULL, NULL, NULL, NULL, datetime('now'), datetime('now'), 'SYSTEM', 'SYSTEM');
INSERT INTO member (member_id, name, employee_no, english_name, mobile, email, gender, birth_date, id_type, id_number, company_id, department_id, position_type, position_level, duty, hire_date, leave_date, member_status, report_to_id, work_city, gcp_certified, gcp_expiry_date, qualifications, therapeutic_exp, availability, availability_pct, avatar, remark, created_at, updated_at, created_by, updated_by)
VALUES (HR-917, '稽查1', 'jc01', NULL, '15011112222', NULL, 'MALE', NULL, NULL, NULL, CMP-1, DEPT-104, POS-560, NULL, '外部稽查账号', '2023-05-05', NULL, 'ACTIVE', NULL, NULL, 0, NULL, NULL, NULL, NULL, NULL, NULL, NULL, datetime('now'), datetime('now'), 'SYSTEM', 'SYSTEM');
INSERT INTO member (member_id, name, employee_no, english_name, mobile, email, gender, birth_date, id_type, id_number, company_id, department_id, position_type, position_level, duty, hire_date, leave_date, member_status, report_to_id, work_city, gcp_certified, gcp_expiry_date, qualifications, therapeutic_exp, availability, availability_pct, avatar, remark, created_at, updated_at, created_by, updated_by)
VALUES (HR-918, '稽查2', 'jc02', NULL, '15022221111', NULL, 'MALE', NULL, NULL, NULL, CMP-1, DEPT-104, POS-560, NULL, '外部稽查账号', '2023-05-05', NULL, 'ACTIVE', NULL, NULL, 0, NULL, NULL, NULL, NULL, NULL, NULL, NULL, datetime('now'), datetime('now'), 'SYSTEM', 'SYSTEM');
INSERT INTO member (member_id, name, employee_no, english_name, mobile, email, gender, birth_date, id_type, id_number, company_id, department_id, position_type, position_level, duty, hire_date, leave_date, member_status, report_to_id, work_city, gcp_certified, gcp_expiry_date, qualifications, therapeutic_exp, availability, availability_pct, avatar, remark, created_at, updated_at, created_by, updated_by)
VALUES (HR-919, '稽查3', 'jc03', NULL, '15333333333', NULL, 'MALE', NULL, NULL, NULL, CMP-1, DEPT-104, POS-560, NULL, '外部稽查账号', '2023-05-05', NULL, 'ACTIVE', NULL, NULL, 0, NULL, NULL, NULL, NULL, NULL, NULL, NULL, datetime('now'), datetime('now'), 'SYSTEM', 'SYSTEM');
INSERT INTO member (member_id, name, employee_no, english_name, mobile, email, gender, birth_date, id_type, id_number, company_id, department_id, position_type, position_level, duty, hire_date, leave_date, member_status, report_to_id, work_city, gcp_certified, gcp_expiry_date, qualifications, therapeutic_exp, availability, availability_pct, avatar, remark, created_at, updated_at, created_by, updated_by)
VALUES (HR-920, '稽查4', 'jc04', NULL, '15444444444', NULL, 'MALE', NULL, NULL, NULL, CMP-1, DEPT-104, POS-560, NULL, '外部稽查账号', '2023-05-05', NULL, 'ACTIVE', NULL, NULL, 0, NULL, NULL, NULL, NULL, NULL, NULL, NULL, datetime('now'), datetime('now'), 'SYSTEM', 'SYSTEM');
INSERT INTO member (member_id, name, employee_no, english_name, mobile, email, gender, birth_date, id_type, id_number, company_id, department_id, position_type, position_level, duty, hire_date, leave_date, member_status, report_to_id, work_city, gcp_certified, gcp_expiry_date, qualifications, therapeutic_exp, availability, availability_pct, avatar, remark, created_at, updated_at, created_by, updated_by)
VALUES (HR-921, '稽查5', 'jc05', NULL, '15555555555', NULL, 'MALE', NULL, NULL, NULL, CMP-1, DEPT-104, POS-560, NULL, '外部稽查账号', '2023-05-05', NULL, 'ACTIVE', NULL, NULL, 0, NULL, NULL, NULL, NULL, NULL, NULL, NULL, datetime('now'), datetime('now'), 'SYSTEM', 'SYSTEM');
INSERT INTO member (member_id, name, employee_no, english_name, mobile, email, gender, birth_date, id_type, id_number, company_id, department_id, position_type, position_level, duty, hire_date, leave_date, member_status, report_to_id, work_city, gcp_certified, gcp_expiry_date, qualifications, therapeutic_exp, availability, availability_pct, avatar, remark, created_at, updated_at, created_by, updated_by)
VALUES (HR-953, '外部核查（运营）', 'HC01', NULL, '15666661111', NULL, 'MALE', NULL, NULL, NULL, CMP-1, DEPT-104, POS-569, NULL, 'HC(运营）', '2023-10-19', NULL, 'ACTIVE', NULL, NULL, 0, NULL, NULL, NULL, NULL, NULL, NULL, NULL, datetime('now'), datetime('now'), 'SYSTEM', 'SYSTEM');
INSERT INTO member (member_id, name, employee_no, english_name, mobile, email, gender, birth_date, id_type, id_number, company_id, department_id, position_type, position_level, duty, hire_date, leave_date, member_status, report_to_id, work_city, gcp_certified, gcp_expiry_date, qualifications, therapeutic_exp, availability, availability_pct, avatar, remark, created_at, updated_at, created_by, updated_by)
VALUES (HR-959, '外部核查（运营02）', 'HC02', NULL, '15666661112', NULL, 'MALE', NULL, NULL, NULL, CMP-1, DEPT-104, POS-569, NULL, 'HC(运营）', '2023-11-30', NULL, 'ACTIVE', NULL, NULL, 0, NULL, NULL, NULL, NULL, NULL, NULL, NULL, datetime('now'), datetime('now'), 'SYSTEM', 'SYSTEM');
INSERT INTO member (member_id, name, employee_no, english_name, mobile, email, gender, birth_date, id_type, id_number, company_id, department_id, position_type, position_level, duty, hire_date, leave_date, member_status, report_to_id, work_city, gcp_certified, gcp_expiry_date, qualifications, therapeutic_exp, availability, availability_pct, avatar, remark, created_at, updated_at, created_by, updated_by)
VALUES (HR-1020, '运营03', 'hc03', NULL, '13232323220', NULL, 'MALE', '1978-12-12', NULL, '213335197812124578', CMP-1, DEPT-104, POS-569, NULL, 'HC(运营）', '2023-12-24', NULL, 'ACTIVE', NULL, NULL, 0, NULL, NULL, NULL, NULL, NULL, NULL, NULL, datetime('now'), datetime('now'), 'SYSTEM', 'SYSTEM');
INSERT INTO member (member_id, name, employee_no, english_name, mobile, email, gender, birth_date, id_type, id_number, company_id, department_id, position_type, position_level, duty, hire_date, leave_date, member_status, report_to_id, work_city, gcp_certified, gcp_expiry_date, qualifications, therapeutic_exp, availability, availability_pct, avatar, remark, created_at, updated_at, created_by, updated_by)
VALUES (HR-1055, '运营05', 'HC05', NULL, '15656565656', NULL, 'MALE', '1978-12-12', NULL, '213335197812124578', CMP-1, DEPT-104, POS-569, NULL, 'HC(运营）', '2025-08-28', NULL, 'ACTIVE', NULL, NULL, 0, NULL, NULL, NULL, NULL, NULL, NULL, NULL, datetime('now'), datetime('now'), 'SYSTEM', 'SYSTEM');
INSERT INTO member (member_id, name, employee_no, english_name, mobile, email, gender, birth_date, id_type, id_number, company_id, department_id, position_type, position_level, duty, hire_date, leave_date, member_status, report_to_id, work_city, gcp_certified, gcp_expiry_date, qualifications, therapeutic_exp, availability, availability_pct, avatar, remark, created_at, updated_at, created_by, updated_by)
VALUES (HR-1056, '运营04', 'HC04', NULL, '15353535353', NULL, 'MALE', '1978-12-12', NULL, '213335197812124578', CMP-1, DEPT-104, POS-569, NULL, 'HC(运营）', '2025-08-28', NULL, 'ACTIVE', NULL, NULL, 0, NULL, NULL, NULL, NULL, NULL, NULL, NULL, datetime('now'), datetime('now'), 'SYSTEM', 'SYSTEM');
INSERT INTO member (member_id, name, employee_no, english_name, mobile, email, gender, birth_date, id_type, id_number, company_id, department_id, position_type, position_level, duty, hire_date, leave_date, member_status, report_to_id, work_city, gcp_certified, gcp_expiry_date, qualifications, therapeutic_exp, availability, availability_pct, avatar, remark, created_at, updated_at, created_by, updated_by)
VALUES (HR-1071, '核查06', 'HC06', NULL, '17895954848', NULL, 'MALE', NULL, NULL, NULL, CMP-1, DEPT-104, NULL, NULL, NULL, '2026-01-29', NULL, 'ACTIVE', NULL, NULL, 0, NULL, NULL, NULL, NULL, NULL, NULL, NULL, datetime('now'), datetime('now'), 'SYSTEM', 'SYSTEM');
INSERT INTO member (member_id, name, employee_no, english_name, mobile, email, gender, birth_date, id_type, id_number, company_id, department_id, position_type, position_level, duty, hire_date, leave_date, member_status, report_to_id, work_city, gcp_certified, gcp_expiry_date, qualifications, therapeutic_exp, availability, availability_pct, avatar, remark, created_at, updated_at, created_by, updated_by)
VALUES (HR-1072, '核查07', 'HC07', NULL, '17895954849', NULL, 'MALE', NULL, NULL, NULL, CMP-1, DEPT-104, NULL, NULL, NULL, '2026-01-29', NULL, 'ACTIVE', NULL, NULL, 0, NULL, NULL, NULL, NULL, NULL, NULL, NULL, datetime('now'), datetime('now'), 'SYSTEM', 'SYSTEM');
INSERT INTO member (member_id, name, employee_no, english_name, mobile, email, gender, birth_date, id_type, id_number, company_id, department_id, position_type, position_level, duty, hire_date, leave_date, member_status, report_to_id, work_city, gcp_certified, gcp_expiry_date, qualifications, therapeutic_exp, availability, availability_pct, avatar, remark, created_at, updated_at, created_by, updated_by)
VALUES (HR-1073, '核查08', 'HC08', NULL, '17895954850', NULL, 'MALE', NULL, NULL, NULL, CMP-1, DEPT-104, NULL, NULL, NULL, '2026-01-29', NULL, 'ACTIVE', NULL, NULL, 0, NULL, NULL, NULL, NULL, NULL, NULL, NULL, datetime('now'), datetime('now'), 'SYSTEM', 'SYSTEM');
INSERT INTO member (member_id, name, employee_no, english_name, mobile, email, gender, birth_date, id_type, id_number, company_id, department_id, position_type, position_level, duty, hire_date, leave_date, member_status, report_to_id, work_city, gcp_certified, gcp_expiry_date, qualifications, therapeutic_exp, availability, availability_pct, avatar, remark, created_at, updated_at, created_by, updated_by)
VALUES (HR-808, '叶枫', 'sinocro-yefeng', 'marcus', '13995501291', NULL, 'MALE', '1993-02-06', NULL, '420106199302064011', CMP-1, DEPT-252, POS-255, NULL, 'SAS Leader', '2022-07-07', NULL, 'ACTIVE', NULL, NULL, 0, NULL, NULL, NULL, NULL, NULL, NULL, NULL, datetime('now'), datetime('now'), 'SYSTEM', 'SYSTEM');
INSERT INTO member (member_id, name, employee_no, english_name, mobile, email, gender, birth_date, id_type, id_number, company_id, department_id, position_type, position_level, duty, hire_date, leave_date, member_status, report_to_id, work_city, gcp_certified, gcp_expiry_date, qualifications, therapeutic_exp, availability, availability_pct, avatar, remark, created_at, updated_at, created_by, updated_by)
VALUES (HR-851, '刘宇丹', 'sinocro-liuyudan', NULL, '18062651330', NULL, 'MALE', '1988-07-03', NULL, '420103198807030024', CMP-1, DEPT-252, POS-253, NULL, '统计师', '2022-11-15', NULL, 'ACTIVE', NULL, NULL, 0, NULL, NULL, NULL, NULL, NULL, NULL, NULL, datetime('now'), datetime('now'), 'SYSTEM', 'SYSTEM');
INSERT INTO member (member_id, name, employee_no, english_name, mobile, email, gender, birth_date, id_type, id_number, company_id, department_id, position_type, position_level, duty, hire_date, leave_date, member_status, report_to_id, work_city, gcp_certified, gcp_expiry_date, qualifications, therapeutic_exp, availability, availability_pct, avatar, remark, created_at, updated_at, created_by, updated_by)
VALUES (HR-1024, '谢超', 'sinocro-xiechao', NULL, '13709216706', NULL, 'MALE', '1994-08-12', NULL, '43040819940812102X', CMP-1, DEPT-260, POS-261, NULL, '统计师', '2025-02-05', NULL, 'ACTIVE', NULL, NULL, 0, NULL, NULL, NULL, NULL, NULL, NULL, NULL, datetime('now'), datetime('now'), 'SYSTEM', 'SYSTEM');
INSERT INTO member (member_id, name, employee_no, english_name, mobile, email, gender, birth_date, id_type, id_number, company_id, department_id, position_type, position_level, duty, hire_date, leave_date, member_status, report_to_id, work_city, gcp_certified, gcp_expiry_date, qualifications, therapeutic_exp, availability, availability_pct, avatar, remark, created_at, updated_at, created_by, updated_by)
VALUES (HR-1030, '田芳', 'sinocro-tianfang', NULL, '18600889723', NULL, 'MALE', '1986-01-23', NULL, '140107198601231785', CMP-1, DEPT-305, POS-554, NULL, '项目经理PM', '2025-03-03', NULL, 'ACTIVE', NULL, NULL, 0, NULL, NULL, NULL, NULL, NULL, NULL, NULL, datetime('now'), datetime('now'), 'SYSTEM', 'SYSTEM');
INSERT INTO member (member_id, name, employee_no, english_name, mobile, email, gender, birth_date, id_type, id_number, company_id, department_id, position_type, position_level, duty, hire_date, leave_date, member_status, report_to_id, work_city, gcp_certified, gcp_expiry_date, qualifications, therapeutic_exp, availability, availability_pct, avatar, remark, created_at, updated_at, created_by, updated_by)
VALUES (HR-1034, '李强', 'sinocro-liqiang', NULL, '15651830395', NULL, 'MALE', '1992-04-18', NULL, '342623199204185333', CMP-1, DEPT-305, POS-316, NULL, '副主任', '2025-03-24', NULL, 'ACTIVE', NULL, NULL, 0, NULL, NULL, NULL, NULL, NULL, NULL, NULL, datetime('now'), datetime('now'), 'SYSTEM', 'SYSTEM');
INSERT INTO member (member_id, name, employee_no, english_name, mobile, email, gender, birth_date, id_type, id_number, company_id, department_id, position_type, position_level, duty, hire_date, leave_date, member_status, report_to_id, work_city, gcp_certified, gcp_expiry_date, qualifications, therapeutic_exp, availability, availability_pct, avatar, remark, created_at, updated_at, created_by, updated_by)
VALUES (HR-1057, '刘军', 'sinocro-liujun', NULL, '18766577757', NULL, 'MALE', '1991-07-26', NULL, '370522199107260436', CMP-1, DEPT-305, POS-588, NULL, '经理', '2025-09-01', NULL, 'ACTIVE', NULL, NULL, 0, NULL, NULL, NULL, NULL, NULL, NULL, NULL, datetime('now'), datetime('now'), 'SYSTEM', 'SYSTEM');
INSERT INTO member (member_id, name, employee_no, english_name, mobile, email, gender, birth_date, id_type, id_number, company_id, department_id, position_type, position_level, duty, hire_date, leave_date, member_status, report_to_id, work_city, gcp_certified, gcp_expiry_date, qualifications, therapeutic_exp, availability, availability_pct, avatar, remark, created_at, updated_at, created_by, updated_by)
VALUES (HR-1065, '李雨静', 'sinocro-liyujing', NULL, '18847620253', NULL, 'MALE', '1994-11-05', NULL, '150424199411053040', CMP-1, DEPT-305, POS-346, NULL, '细胞注册专员', '2025-11-10', NULL, 'ACTIVE', NULL, NULL, 0, NULL, NULL, NULL, NULL, NULL, NULL, NULL, datetime('now'), datetime('now'), 'SYSTEM', 'SYSTEM');
INSERT INTO member (member_id, name, employee_no, english_name, mobile, email, gender, birth_date, id_type, id_number, company_id, department_id, position_type, position_level, duty, hire_date, leave_date, member_status, report_to_id, work_city, gcp_certified, gcp_expiry_date, qualifications, therapeutic_exp, availability, availability_pct, avatar, remark, created_at, updated_at, created_by, updated_by)
VALUES (HR-738, '药物警戒部', 'sop03', NULL, '13333333334', NULL, 'MALE', NULL, NULL, NULL, CMP-1, DEPT-322, POS-336, NULL, '药物警戒实习生', '2022-02-10', NULL, 'ACTIVE', NULL, NULL, 0, NULL, NULL, NULL, NULL, NULL, NULL, NULL, datetime('now'), datetime('now'), 'SYSTEM', 'SYSTEM');
INSERT INTO member (member_id, name, employee_no, english_name, mobile, email, gender, birth_date, id_type, id_number, company_id, department_id, position_type, position_level, duty, hire_date, leave_date, member_status, report_to_id, work_city, gcp_certified, gcp_expiry_date, qualifications, therapeutic_exp, availability, availability_pct, avatar, remark, created_at, updated_at, created_by, updated_by)
VALUES (HR-65, '黄哲', 'sinocro-huangzhe', NULL, '13911905318', 'huangzhe@yikeen.com.cn', 'MALE', '1983-10-27', NULL, '430682198310270510', CMP-1, DEPT-353, POS-360, NULL, '综合管理主管', '2015-10-27', NULL, 'ACTIVE', NULL, NULL, 0, NULL, NULL, NULL, NULL, NULL, NULL, NULL, datetime('now'), datetime('now'), 'SYSTEM', 'SYSTEM');
INSERT INTO member (member_id, name, employee_no, english_name, mobile, email, gender, birth_date, id_type, id_number, company_id, department_id, position_type, position_level, duty, hire_date, leave_date, member_status, report_to_id, work_city, gcp_certified, gcp_expiry_date, qualifications, therapeutic_exp, availability, availability_pct, avatar, remark, created_at, updated_at, created_by, updated_by)
VALUES (HR-982, '景宁', 'sinocro-jingning', NULL, '15143048479', '15143048479@163.com', 'MALE', '2002-06-06', NULL, '220103200206061661', CMP-1, DEPT-421, POS-434, NULL, '临床监查员CRA', '2024-06-24', NULL, 'ACTIVE', NULL, NULL, 0, NULL, NULL, NULL, NULL, NULL, NULL, NULL, datetime('now'), datetime('now'), 'SYSTEM', 'SYSTEM');
INSERT INTO member (member_id, name, employee_no, english_name, mobile, email, gender, birth_date, id_type, id_number, company_id, department_id, position_type, position_level, duty, hire_date, leave_date, member_status, report_to_id, work_city, gcp_certified, gcp_expiry_date, qualifications, therapeutic_exp, availability, availability_pct, avatar, remark, created_at, updated_at, created_by, updated_by)
VALUES (HR-1005, '赖竞成', 'sinocro-laijingcheng', NULL, '18795862773', NULL, 'MALE', '1995-09-30', NULL, '362428199509308239', CMP-1, DEPT-421, POS-437, NULL, '助理项目经理APM', '2024-10-18', NULL, 'ACTIVE', NULL, NULL, 0, NULL, NULL, NULL, NULL, NULL, NULL, NULL, datetime('now'), datetime('now'), 'SYSTEM', 'SYSTEM');
INSERT INTO member (member_id, name, employee_no, english_name, mobile, email, gender, birth_date, id_type, id_number, company_id, department_id, position_type, position_level, duty, hire_date, leave_date, member_status, report_to_id, work_city, gcp_certified, gcp_expiry_date, qualifications, therapeutic_exp, availability, availability_pct, avatar, remark, created_at, updated_at, created_by, updated_by)
VALUES (HR-1009, '陈建', 'sinocro-chenjian2024', NULL, '17671660032', 'chenjian@sinocro.com.cn', 'MALE', '1996-11-11', NULL, '421181199611117018', CMP-1, DEPT-421, POS-439, NULL, 'CRA临床监查员', '2024-10-25', NULL, 'ACTIVE', NULL, NULL, 0, NULL, NULL, NULL, NULL, NULL, NULL, NULL, datetime('now'), datetime('now'), 'SYSTEM', 'SYSTEM');
INSERT INTO member (member_id, name, employee_no, english_name, mobile, email, gender, birth_date, id_type, id_number, company_id, department_id, position_type, position_level, duty, hire_date, leave_date, member_status, report_to_id, work_city, gcp_certified, gcp_expiry_date, qualifications, therapeutic_exp, availability, availability_pct, avatar, remark, created_at, updated_at, created_by, updated_by)
VALUES (HR-1042, '高媛', 'sinocro-gaoyuan2025', NULL, '17612273400', NULL, 'MALE', '1996-09-26', NULL, '222424199609263529', CMP-1, DEPT-421, POS-439, NULL, 'CRA临床监查员', '2025-05-06', NULL, 'ACTIVE', NULL, NULL, 0, NULL, NULL, NULL, NULL, NULL, NULL, NULL, datetime('now'), datetime('now'), 'SYSTEM', 'SYSTEM');
INSERT INTO member (member_id, name, employee_no, english_name, mobile, email, gender, birth_date, id_type, id_number, company_id, department_id, position_type, position_level, duty, hire_date, leave_date, member_status, report_to_id, work_city, gcp_certified, gcp_expiry_date, qualifications, therapeutic_exp, availability, availability_pct, avatar, remark, created_at, updated_at, created_by, updated_by)
VALUES (HR-1033, '唐晓东', 'sinocro-tangxiaodong', NULL, '15701556195', 'tangxiaodong@sinocro.com.cn', 'MALE', '1993-10-05', NULL, '411522199310055415', CMP-1, DEPT-423, POS-451, NULL, '项目经理PM', '2025-03-10', NULL, 'ACTIVE', NULL, NULL, 0, NULL, NULL, NULL, NULL, NULL, NULL, NULL, datetime('now'), datetime('now'), 'SYSTEM', 'SYSTEM');
INSERT INTO member (member_id, name, employee_no, english_name, mobile, email, gender, birth_date, id_type, id_number, company_id, department_id, position_type, position_level, duty, hire_date, leave_date, member_status, report_to_id, work_city, gcp_certified, gcp_expiry_date, qualifications, therapeutic_exp, availability, availability_pct, avatar, remark, created_at, updated_at, created_by, updated_by)
VALUES (HR-1059, '余荣波', 'sinocro-yurongbo', NULL, '18920389291', NULL, 'MALE', '1994-01-13', NULL, '420222199401136119', CMP-1, DEPT-423, POS-589, NULL, 'SCRA', '2025-09-08', NULL, 'ACTIVE', NULL, NULL, 0, NULL, NULL, NULL, NULL, NULL, NULL, NULL, datetime('now'), datetime('now'), 'SYSTEM', 'SYSTEM');
INSERT INTO member (member_id, name, employee_no, english_name, mobile, email, gender, birth_date, id_type, id_number, company_id, department_id, position_type, position_level, duty, hire_date, leave_date, member_status, report_to_id, work_city, gcp_certified, gcp_expiry_date, qualifications, therapeutic_exp, availability, availability_pct, avatar, remark, created_at, updated_at, created_by, updated_by)
VALUES (HR-1075, '兰梓溶', 'sinocro-lanzirong', NULL, '17835650358', 'lanzirong@sinocro.com.cn', 'MALE', '1998-05-22', NULL, '452702199805224368', CMP-1, DEPT-423, POS-452, NULL, '临床监查员CRA', '2026-03-09', NULL, 'ACTIVE', NULL, NULL, 0, NULL, NULL, NULL, NULL, NULL, NULL, NULL, datetime('now'), datetime('now'), 'SYSTEM', 'SYSTEM');
INSERT INTO member (member_id, name, employee_no, english_name, mobile, email, gender, birth_date, id_type, id_number, company_id, department_id, position_type, position_level, duty, hire_date, leave_date, member_status, report_to_id, work_city, gcp_certified, gcp_expiry_date, qualifications, therapeutic_exp, availability, availability_pct, avatar, remark, created_at, updated_at, created_by, updated_by)
VALUES (HR-1077, '王新宇', 'sinocro-wangxinyu', NULL, '17547088203', 'wangxiny@sinocro.com.cn', 'MALE', '2001-05-27', NULL, '150430200105270613', CMP-1, DEPT-423, POS-452, NULL, '临床监查员CRA', '2026-03-26', NULL, 'ACTIVE', NULL, NULL, 0, NULL, NULL, NULL, NULL, NULL, NULL, NULL, datetime('now'), datetime('now'), 'SYSTEM', 'SYSTEM');
INSERT INTO member (member_id, name, employee_no, english_name, mobile, email, gender, birth_date, id_type, id_number, company_id, department_id, position_type, position_level, duty, hire_date, leave_date, member_status, report_to_id, work_city, gcp_certified, gcp_expiry_date, qualifications, therapeutic_exp, availability, availability_pct, avatar, remark, created_at, updated_at, created_by, updated_by)
VALUES (HR-1049, '高腾飞', 'sinocro-gaotengfei', NULL, '13043199399', NULL, 'MALE', '2001-02-13', NULL, '130502200102130013', CMP-1, DEPT-550, POS-556, NULL, '临床监查员CRA', '2025-06-23', NULL, 'ACTIVE', NULL, NULL, 0, NULL, NULL, NULL, NULL, NULL, NULL, NULL, datetime('now'), datetime('now'), 'SYSTEM', 'SYSTEM');
INSERT INTO member (member_id, name, employee_no, english_name, mobile, email, gender, birth_date, id_type, id_number, company_id, department_id, position_type, position_level, duty, hire_date, leave_date, member_status, report_to_id, work_city, gcp_certified, gcp_expiry_date, qualifications, therapeutic_exp, availability, availability_pct, avatar, remark, created_at, updated_at, created_by, updated_by)
VALUES (HR-49, '梁潇', 'sinocro-liangxiao', NULL, '13717969463', NULL, 'MALE', '1978-04-20', NULL, '210121197804208324', CMP-1, DEPT-573, POS-106, NULL, '常务副总裁', '2006-03-30', NULL, 'ACTIVE', NULL, NULL, 0, NULL, NULL, NULL, NULL, NULL, NULL, NULL, datetime('now'), datetime('now'), 'SYSTEM', 'SYSTEM');
INSERT INTO member (member_id, name, employee_no, english_name, mobile, email, gender, birth_date, id_type, id_number, company_id, department_id, position_type, position_level, duty, hire_date, leave_date, member_status, report_to_id, work_city, gcp_certified, gcp_expiry_date, qualifications, therapeutic_exp, availability, availability_pct, avatar, remark, created_at, updated_at, created_by, updated_by)
VALUES (HR-48, '黄明光', 'hmg', NULL, '13701289897', NULL, 'MALE', '1974-07-17', NULL, '362229197407172613', CMP-1, DEPT-590, POS-1, NULL, '兴德通总经理', '2006-03-30', NULL, 'ACTIVE', NULL, NULL, 0, NULL, NULL, NULL, NULL, NULL, NULL, NULL, datetime('now'), datetime('now'), 'SYSTEM', 'SYSTEM');
INSERT INTO member (member_id, name, employee_no, english_name, mobile, email, gender, birth_date, id_type, id_number, company_id, department_id, position_type, position_level, duty, hire_date, leave_date, member_status, report_to_id, work_city, gcp_certified, gcp_expiry_date, qualifications, therapeutic_exp, availability, availability_pct, avatar, remark, created_at, updated_at, created_by, updated_by)
VALUES (HR-925, '测试账号', 'gl', NULL, '13468899230', NULL, 'MALE', NULL, NULL, NULL, CMP-4, DEPT-266, POS-271, NULL, '客服经理', '2023-06-19', NULL, 'ACTIVE', NULL, NULL, 0, NULL, NULL, NULL, NULL, NULL, NULL, NULL, datetime('now'), datetime('now'), 'SYSTEM', 'SYSTEM');
INSERT INTO member (member_id, name, employee_no, english_name, mobile, email, gender, birth_date, id_type, id_number, company_id, department_id, position_type, position_level, duty, hire_date, leave_date, member_status, report_to_id, work_city, gcp_certified, gcp_expiry_date, qualifications, therapeutic_exp, availability, availability_pct, avatar, remark, created_at, updated_at, created_by, updated_by)
VALUES (HR-753, '测试mx', 'mx-ceshi', NULL, '13333333339', NULL, 'MALE', NULL, NULL, NULL, CMP-5, DEPT-342, POS-343, NULL, 'CRC', '2022-03-09', NULL, 'ACTIVE', NULL, NULL, 0, NULL, NULL, NULL, NULL, NULL, NULL, NULL, datetime('now'), datetime('now'), 'SYSTEM', 'SYSTEM');
INSERT INTO member (member_id, name, employee_no, english_name, mobile, email, gender, birth_date, id_type, id_number, company_id, department_id, position_type, position_level, duty, hire_date, leave_date, member_status, report_to_id, work_city, gcp_certified, gcp_expiry_date, qualifications, therapeutic_exp, availability, availability_pct, avatar, remark, created_at, updated_at, created_by, updated_by)
VALUES (HR-736, '质控资料员', 'smo-wuyanbin', NULL, '15810989817', NULL, 'MALE', NULL, NULL, NULL, CMP-6, DEPT-0, NULL, NULL, NULL, '2022-02-09', NULL, 'ACTIVE', NULL, NULL, 0, NULL, NULL, NULL, NULL, NULL, NULL, NULL, datetime('now'), datetime('now'), 'SYSTEM', 'SYSTEM');
INSERT INTO member (member_id, name, employee_no, english_name, mobile, email, gender, birth_date, id_type, id_number, company_id, department_id, position_type, position_level, duty, hire_date, leave_date, member_status, report_to_id, work_city, gcp_certified, gcp_expiry_date, qualifications, therapeutic_exp, availability, availability_pct, avatar, remark, created_at, updated_at, created_by, updated_by)
VALUES (HR-619, '左静', 'sinocro-zuojing', NULL, '18163829700', NULL, 'MALE', '1999-11-27', NULL, '430521199911276869', CMP-6, DEPT-359, POS-359, NULL, '首辅总监', '2021-06-07', NULL, 'ACTIVE', NULL, NULL, 0, NULL, NULL, NULL, NULL, NULL, NULL, NULL, datetime('now'), datetime('now'), 'SYSTEM', 'SYSTEM');
INSERT INTO member (member_id, name, employee_no, english_name, mobile, email, gender, birth_date, id_type, id_number, company_id, department_id, position_type, position_level, duty, hire_date, leave_date, member_status, report_to_id, work_city, gcp_certified, gcp_expiry_date, qualifications, therapeutic_exp, availability, availability_pct, avatar, remark, created_at, updated_at, created_by, updated_by)
VALUES (HR-740, '首辅医学', 'sop07', NULL, '13333333335', NULL, 'MALE', NULL, NULL, NULL, CMP-6, DEPT-424, POS-462, NULL, '实习生', '2022-02-10', NULL, 'ACTIVE', NULL, NULL, 0, NULL, NULL, NULL, NULL, NULL, NULL, NULL, datetime('now'), datetime('now'), 'SYSTEM', 'SYSTEM');
INSERT INTO member (member_id, name, employee_no, english_name, mobile, email, gender, birth_date, id_type, id_number, company_id, department_id, position_type, position_level, duty, hire_date, leave_date, member_status, report_to_id, work_city, gcp_certified, gcp_expiry_date, qualifications, therapeutic_exp, availability, availability_pct, avatar, remark, created_at, updated_at, created_by, updated_by)
VALUES (HR-513, '刘瑄', 'smo-liuxuan', 'tiffany', '13940587415', NULL, 'MALE', '1989-04-15', NULL, '210102198904151527', CMP-6, DEPT-426, POS-483, NULL, '临床协调员CRC', '2020-09-14', NULL, 'ACTIVE', NULL, NULL, 0, NULL, NULL, NULL, NULL, NULL, NULL, NULL, datetime('now'), datetime('now'), 'SYSTEM', 'SYSTEM');
INSERT INTO member (member_id, name, employee_no, english_name, mobile, email, gender, birth_date, id_type, id_number, company_id, department_id, position_type, position_level, duty, hire_date, leave_date, member_status, report_to_id, work_city, gcp_certified, gcp_expiry_date, qualifications, therapeutic_exp, availability, availability_pct, avatar, remark, created_at, updated_at, created_by, updated_by)
VALUES (HR-997, '鲁维青', 'smo-luweiqing', NULL, '17720519400', NULL, 'MALE', '1998-09-26', NULL, '421182199809264140', CMP-6, DEPT-427, POS-494, NULL, '临床协调员CRC', '2024-08-07', NULL, 'ACTIVE', NULL, NULL, 0, NULL, NULL, NULL, NULL, NULL, NULL, NULL, datetime('now'), datetime('now'), 'SYSTEM', 'SYSTEM');
INSERT INTO member (member_id, name, employee_no, english_name, mobile, email, gender, birth_date, id_type, id_number, company_id, department_id, position_type, position_level, duty, hire_date, leave_date, member_status, report_to_id, work_city, gcp_certified, gcp_expiry_date, qualifications, therapeutic_exp, availability, availability_pct, avatar, remark, created_at, updated_at, created_by, updated_by)
VALUES (HR-1051, '杨思', 'smo-yangsi', NULL, '17671865279', NULL, 'MALE', '1998-10-03', NULL, '420981199810034242', CMP-6, DEPT-427, POS-494, NULL, '临床协调员CRC', '2025-07-28', NULL, 'ACTIVE', NULL, NULL, 0, NULL, NULL, NULL, NULL, NULL, NULL, NULL, datetime('now'), datetime('now'), 'SYSTEM', 'SYSTEM');
INSERT INTO member (member_id, name, employee_no, english_name, mobile, email, gender, birth_date, id_type, id_number, company_id, department_id, position_type, position_level, duty, hire_date, leave_date, member_status, report_to_id, work_city, gcp_certified, gcp_expiry_date, qualifications, therapeutic_exp, availability, availability_pct, avatar, remark, created_at, updated_at, created_by, updated_by)
VALUES (HR-1062, '高璋', 'smo-gaozhang', '-', '15506110085', 'gaozhang@sinocro.com.cn', 'MALE', '1995-09-26', NULL, '42092219950926142X', CMP-6, DEPT-427, POS-494, NULL, '临床协调员CRC', '2025-09-28', NULL, 'ACTIVE', NULL, NULL, 0, NULL, NULL, NULL, NULL, NULL, NULL, NULL, datetime('now'), datetime('now'), 'SYSTEM', 'SYSTEM');
INSERT INTO member (member_id, name, employee_no, english_name, mobile, email, gender, birth_date, id_type, id_number, company_id, department_id, position_type, position_level, duty, hire_date, leave_date, member_status, report_to_id, work_city, gcp_certified, gcp_expiry_date, qualifications, therapeutic_exp, availability, availability_pct, avatar, remark, created_at, updated_at, created_by, updated_by)
VALUES (HR-1064, '王卓婧', 'smo-wangzhuojing', NULL, '15871106865', NULL, 'MALE', NULL, NULL, NULL, CMP-6, DEPT-427, POS-494, NULL, '临床协调员CRC', '2025-10-27', NULL, 'ACTIVE', NULL, NULL, 0, NULL, NULL, NULL, NULL, NULL, NULL, NULL, datetime('now'), datetime('now'), 'SYSTEM', 'SYSTEM');
INSERT INTO member (member_id, name, employee_no, english_name, mobile, email, gender, birth_date, id_type, id_number, company_id, department_id, position_type, position_level, duty, hire_date, leave_date, member_status, report_to_id, work_city, gcp_certified, gcp_expiry_date, qualifications, therapeutic_exp, availability, availability_pct, avatar, remark, created_at, updated_at, created_by, updated_by)
VALUES (HR-750, '刘凌', 'smo-liuling', NULL, '18570988313', NULL, 'MALE', NULL, NULL, NULL, CMP-6, DEPT-428, POS-516, NULL, '临床协调员CRC', '2022-03-07', NULL, 'ACTIVE', NULL, NULL, 0, NULL, NULL, NULL, NULL, NULL, NULL, NULL, datetime('now'), datetime('now'), 'SYSTEM', 'SYSTEM');
INSERT INTO member (member_id, name, employee_no, english_name, mobile, email, gender, birth_date, id_type, id_number, company_id, department_id, position_type, position_level, duty, hire_date, leave_date, member_status, report_to_id, work_city, gcp_certified, gcp_expiry_date, qualifications, therapeutic_exp, availability, availability_pct, avatar, remark, created_at, updated_at, created_by, updated_by)
VALUES (HR-960, '向梦娇', 'smo-xiangmengjiao', NULL, '15226456250', '10460692732qq.com', 'MALE', '1999-10-20', NULL, '431222199910203423', CMP-6, DEPT-428, POS-516, NULL, '临床协调员CRC', '2023-12-04', NULL, 'ACTIVE', NULL, NULL, 0, NULL, NULL, NULL, NULL, NULL, NULL, NULL, datetime('now'), datetime('now'), 'SYSTEM', 'SYSTEM');
INSERT INTO member (member_id, name, employee_no, english_name, mobile, email, gender, birth_date, id_type, id_number, company_id, department_id, position_type, position_level, duty, hire_date, leave_date, member_status, report_to_id, work_city, gcp_certified, gcp_expiry_date, qualifications, therapeutic_exp, availability, availability_pct, avatar, remark, created_at, updated_at, created_by, updated_by)
VALUES (HR-525, '符施恩', 'smo-fushien', 'Amelie', '15697596544', NULL, 'MALE', '1991-06-29', NULL, '440803199106291121', CMP-6, DEPT-430, POS-538, NULL, '临床协调员CRC', '2020-10-19', NULL, 'ACTIVE', NULL, NULL, 0, NULL, NULL, NULL, NULL, NULL, NULL, NULL, datetime('now'), datetime('now'), 'SYSTEM', 'SYSTEM');
INSERT INTO member (member_id, name, employee_no, english_name, mobile, email, gender, birth_date, id_type, id_number, company_id, department_id, position_type, position_level, duty, hire_date, leave_date, member_status, report_to_id, work_city, gcp_certified, gcp_expiry_date, qualifications, therapeutic_exp, availability, availability_pct, avatar, remark, created_at, updated_at, created_by, updated_by)
VALUES (HR-831, '宫景霞', 'sinocro-gongjingxia', NULL, '15064155091', NULL, 'MALE', '1983-10-11', NULL, '371424198310112424', CMP-6, DEPT-430, POS-538, NULL, '临床协调员CRC', '2021-01-18', NULL, 'ACTIVE', NULL, NULL, 0, NULL, NULL, NULL, NULL, NULL, NULL, NULL, datetime('now'), datetime('now'), 'SYSTEM', 'SYSTEM');
INSERT INTO member (member_id, name, employee_no, english_name, mobile, email, gender, birth_date, id_type, id_number, company_id, department_id, position_type, position_level, duty, hire_date, leave_date, member_status, report_to_id, work_city, gcp_certified, gcp_expiry_date, qualifications, therapeutic_exp, availability, availability_pct, avatar, remark, created_at, updated_at, created_by, updated_by)
VALUES (HR-875, '张昕', 'cyjc-zhangxin', NULL, '18643598277', NULL, 'MALE', NULL, NULL, NULL, CMP-9, DEPT-374, POS-381, NULL, '财务经理', '2018-11-01', NULL, 'ACTIVE', NULL, NULL, 0, NULL, NULL, NULL, NULL, NULL, NULL, NULL, datetime('now'), datetime('now'), 'SYSTEM', 'SYSTEM');
INSERT INTO member (member_id, name, employee_no, english_name, mobile, email, gender, birth_date, id_type, id_number, company_id, department_id, position_type, position_level, duty, hire_date, leave_date, member_status, report_to_id, work_city, gcp_certified, gcp_expiry_date, qualifications, therapeutic_exp, availability, availability_pct, avatar, remark, created_at, updated_at, created_by, updated_by)
VALUES (HR-876, '李冬艳', 'cyjc-lidongyan', NULL, '13704355951', NULL, 'MALE', NULL, NULL, NULL, CMP-9, DEPT-375, POS-386, NULL, '综管经理', '2017-01-01', NULL, 'ACTIVE', NULL, NULL, 0, NULL, NULL, NULL, NULL, NULL, NULL, NULL, datetime('now'), datetime('now'), 'SYSTEM', 'SYSTEM');
INSERT INTO member (member_id, name, employee_no, english_name, mobile, email, gender, birth_date, id_type, id_number, company_id, department_id, position_type, position_level, duty, hire_date, leave_date, member_status, report_to_id, work_city, gcp_certified, gcp_expiry_date, qualifications, therapeutic_exp, availability, availability_pct, avatar, remark, created_at, updated_at, created_by, updated_by)
VALUES (HR-880, '王继勇', 'cyjc-wangjiyong', NULL, '16643504627', NULL, 'MALE', '1971-02-09', NULL, '220223197102090632', CMP-9, DEPT-375, POS-395, NULL, '保安', '2017-12-04', NULL, 'ACTIVE', NULL, NULL, 0, NULL, NULL, NULL, NULL, NULL, NULL, NULL, datetime('now'), datetime('now'), 'SYSTEM', 'SYSTEM');
INSERT INTO member (member_id, name, employee_no, english_name, mobile, email, gender, birth_date, id_type, id_number, company_id, department_id, position_type, position_level, duty, hire_date, leave_date, member_status, report_to_id, work_city, gcp_certified, gcp_expiry_date, qualifications, therapeutic_exp, availability, availability_pct, avatar, remark, created_at, updated_at, created_by, updated_by)
VALUES (HR-881, '田立明', 'cyjc-tianliming', NULL, '18904350125', NULL, 'MALE', NULL, NULL, NULL, CMP-9, DEPT-375, POS-397, NULL, '电气技术员', '2019-04-01', NULL, 'ACTIVE', NULL, NULL, 0, NULL, NULL, NULL, NULL, NULL, NULL, NULL, datetime('now'), datetime('now'), 'SYSTEM', 'SYSTEM');
INSERT INTO member (member_id, name, employee_no, english_name, mobile, email, gender, birth_date, id_type, id_number, company_id, department_id, position_type, position_level, duty, hire_date, leave_date, member_status, report_to_id, work_city, gcp_certified, gcp_expiry_date, qualifications, therapeutic_exp, availability, availability_pct, avatar, remark, created_at, updated_at, created_by, updated_by)
VALUES (HR-882, '赵君平', 'cyjc-zhaojunping', NULL, '13694354535', NULL, 'MALE', NULL, NULL, NULL, CMP-9, DEPT-375, POS-398, NULL, '人事专员', '2019-04-18', NULL, 'ACTIVE', NULL, NULL, 0, NULL, NULL, NULL, NULL, NULL, NULL, NULL, datetime('now'), datetime('now'), 'SYSTEM', 'SYSTEM');
INSERT INTO member (member_id, name, employee_no, english_name, mobile, email, gender, birth_date, id_type, id_number, company_id, department_id, position_type, position_level, duty, hire_date, leave_date, member_status, report_to_id, work_city, gcp_certified, gcp_expiry_date, qualifications, therapeutic_exp, availability, availability_pct, avatar, remark, created_at, updated_at, created_by, updated_by)
VALUES (HR-1063, '王小杰', 'cyjc-wangxiaojie', NULL, '13331446688', NULL, 'MALE', '1971-01-06', NULL, '220502197101060866', CMP-9, DEPT-375, POS-394, NULL, '保洁员', '2025-10-01', NULL, 'ACTIVE', NULL, NULL, 0, NULL, NULL, NULL, NULL, NULL, NULL, NULL, datetime('now'), datetime('now'), 'SYSTEM', 'SYSTEM');
INSERT INTO member (member_id, name, employee_no, english_name, mobile, email, gender, birth_date, id_type, id_number, company_id, department_id, position_type, position_level, duty, hire_date, leave_date, member_status, report_to_id, work_city, gcp_certified, gcp_expiry_date, qualifications, therapeutic_exp, availability, availability_pct, avatar, remark, created_at, updated_at, created_by, updated_by)
VALUES (HR-883, '孙晓红', 'cyjc-sunxiaohong', NULL, '13766147606', NULL, 'MALE', NULL, NULL, NULL, CMP-9, DEPT-376, POS-403, NULL, '业务部副经理', '2018-11-12', NULL, 'ACTIVE', NULL, NULL, 0, NULL, NULL, NULL, NULL, NULL, NULL, NULL, datetime('now'), datetime('now'), 'SYSTEM', 'SYSTEM');
INSERT INTO member (member_id, name, employee_no, english_name, mobile, email, gender, birth_date, id_type, id_number, company_id, department_id, position_type, position_level, duty, hire_date, leave_date, member_status, report_to_id, work_city, gcp_certified, gcp_expiry_date, qualifications, therapeutic_exp, availability, availability_pct, avatar, remark, created_at, updated_at, created_by, updated_by)
VALUES (HR-884, '孙伟娜', 'cyjc-sunweina', NULL, '15834561442', NULL, 'MALE', NULL, NULL, NULL, CMP-9, DEPT-377, POS-405, NULL, '质控经理', '2017-10-08', NULL, 'ACTIVE', NULL, NULL, 0, NULL, NULL, NULL, NULL, NULL, NULL, NULL, datetime('now'), datetime('now'), 'SYSTEM', 'SYSTEM');
INSERT INTO member (member_id, name, employee_no, english_name, mobile, email, gender, birth_date, id_type, id_number, company_id, department_id, position_type, position_level, duty, hire_date, leave_date, member_status, report_to_id, work_city, gcp_certified, gcp_expiry_date, qualifications, therapeutic_exp, availability, availability_pct, avatar, remark, created_at, updated_at, created_by, updated_by)
VALUES (HR-885, '杨雪梅', 'cyjc-yangxuemei', NULL, '13943573606', NULL, 'MALE', NULL, NULL, NULL, CMP-9, DEPT-378, POS-410, NULL, '检验经理', '2019-05-07', NULL, 'ACTIVE', NULL, NULL, 0, NULL, NULL, NULL, NULL, NULL, NULL, NULL, datetime('now'), datetime('now'), 'SYSTEM', 'SYSTEM');
INSERT INTO member (member_id, name, employee_no, english_name, mobile, email, gender, birth_date, id_type, id_number, company_id, department_id, position_type, position_level, duty, hire_date, leave_date, member_status, report_to_id, work_city, gcp_certified, gcp_expiry_date, qualifications, therapeutic_exp, availability, availability_pct, avatar, remark, created_at, updated_at, created_by, updated_by)
VALUES (HR-887, '谷波', 'cyjc-gubo', NULL, '15944582541', NULL, 'MALE', NULL, NULL, NULL, CMP-9, DEPT-378, POS-418, NULL, '检验员', '2017-12-05', NULL, 'ACTIVE', NULL, NULL, 0, NULL, NULL, NULL, NULL, NULL, NULL, NULL, datetime('now'), datetime('now'), 'SYSTEM', 'SYSTEM');
INSERT INTO member (member_id, name, employee_no, english_name, mobile, email, gender, birth_date, id_type, id_number, company_id, department_id, position_type, position_level, duty, hire_date, leave_date, member_status, report_to_id, work_city, gcp_certified, gcp_expiry_date, qualifications, therapeutic_exp, availability, availability_pct, avatar, remark, created_at, updated_at, created_by, updated_by)
VALUES (HR-888, '崔龙', 'cyjc-cuilong', NULL, '15144506916', NULL, 'MALE', NULL, NULL, NULL, CMP-9, DEPT-378, POS-418, NULL, '检验员', '2018-04-12', NULL, 'ACTIVE', NULL, NULL, 0, NULL, NULL, NULL, NULL, NULL, NULL, NULL, datetime('now'), datetime('now'), 'SYSTEM', 'SYSTEM');
INSERT INTO member (member_id, name, employee_no, english_name, mobile, email, gender, birth_date, id_type, id_number, company_id, department_id, position_type, position_level, duty, hire_date, leave_date, member_status, report_to_id, work_city, gcp_certified, gcp_expiry_date, qualifications, therapeutic_exp, availability, availability_pct, avatar, remark, created_at, updated_at, created_by, updated_by)
VALUES (HR-889, '于慧洋', 'cyjc-yuhuiyang', NULL, '15500338332', NULL, 'MALE', NULL, NULL, NULL, CMP-9, DEPT-378, POS-418, NULL, '检验员', '2018-07-01', NULL, 'ACTIVE', NULL, NULL, 0, NULL, NULL, NULL, NULL, NULL, NULL, NULL, datetime('now'), datetime('now'), 'SYSTEM', 'SYSTEM');
INSERT INTO member (member_id, name, employee_no, english_name, mobile, email, gender, birth_date, id_type, id_number, company_id, department_id, position_type, position_level, duty, hire_date, leave_date, member_status, report_to_id, work_city, gcp_certified, gcp_expiry_date, qualifications, therapeutic_exp, availability, availability_pct, avatar, remark, created_at, updated_at, created_by, updated_by)
VALUES (HR-890, '王志伟', 'cyjc-wangzhiwei', NULL, '18626548020', NULL, 'MALE', NULL, NULL, NULL, CMP-9, DEPT-378, POS-418, NULL, '检验员', '2019-04-15', NULL, 'ACTIVE', NULL, NULL, 0, NULL, NULL, NULL, NULL, NULL, NULL, NULL, datetime('now'), datetime('now'), 'SYSTEM', 'SYSTEM');
INSERT INTO member (member_id, name, employee_no, english_name, mobile, email, gender, birth_date, id_type, id_number, company_id, department_id, position_type, position_level, duty, hire_date, leave_date, member_status, report_to_id, work_city, gcp_certified, gcp_expiry_date, qualifications, therapeutic_exp, availability, availability_pct, avatar, remark, created_at, updated_at, created_by, updated_by)
VALUES (HR-893, '姜中广', 'cyjc-jiangzhongguang', NULL, '15500383837', NULL, 'MALE', NULL, NULL, NULL, CMP-9, DEPT-378, POS-418, NULL, '检验员', '2021-10-08', NULL, 'ACTIVE', NULL, NULL, 0, NULL, NULL, NULL, NULL, NULL, NULL, NULL, datetime('now'), datetime('now'), 'SYSTEM', 'SYSTEM');
INSERT INTO member (member_id, name, employee_no, english_name, mobile, email, gender, birth_date, id_type, id_number, company_id, department_id, position_type, position_level, duty, hire_date, leave_date, member_status, report_to_id, work_city, gcp_certified, gcp_expiry_date, qualifications, therapeutic_exp, availability, availability_pct, avatar, remark, created_at, updated_at, created_by, updated_by)
VALUES (HR-894, '徐志丹', 'cyjc-xuzhidan', NULL, '13674355826', NULL, 'MALE', NULL, NULL, NULL, CMP-9, DEPT-378, POS-418, NULL, '检验员', '2021-10-13', NULL, 'ACTIVE', NULL, NULL, 0, NULL, NULL, NULL, NULL, NULL, NULL, NULL, datetime('now'), datetime('now'), 'SYSTEM', 'SYSTEM');
INSERT INTO member (member_id, name, employee_no, english_name, mobile, email, gender, birth_date, id_type, id_number, company_id, department_id, position_type, position_level, duty, hire_date, leave_date, member_status, report_to_id, work_city, gcp_certified, gcp_expiry_date, qualifications, therapeutic_exp, availability, availability_pct, avatar, remark, created_at, updated_at, created_by, updated_by)
VALUES (HR-895, '郑亚斌', 'cyjc-zhengyabin', NULL, '18626578585', NULL, 'MALE', NULL, NULL, NULL, CMP-9, DEPT-378, POS-418, NULL, '检验员', '2022-09-13', NULL, 'ACTIVE', NULL, NULL, 0, NULL, NULL, NULL, NULL, NULL, NULL, NULL, datetime('now'), datetime('now'), 'SYSTEM', 'SYSTEM');
INSERT INTO member (member_id, name, employee_no, english_name, mobile, email, gender, birth_date, id_type, id_number, company_id, department_id, position_type, position_level, duty, hire_date, leave_date, member_status, report_to_id, work_city, gcp_certified, gcp_expiry_date, qualifications, therapeutic_exp, availability, availability_pct, avatar, remark, created_at, updated_at, created_by, updated_by)
VALUES (HR-958, '李辉', 'cyjc-lihui', NULL, '13080008211', NULL, 'MALE', '1986-05-13', NULL, '220623198605131527', CMP-9, DEPT-378, POS-418, NULL, '检验员', '2023-11-30', NULL, 'ACTIVE', NULL, NULL, 0, NULL, NULL, NULL, NULL, NULL, NULL, NULL, datetime('now'), datetime('now'), 'SYSTEM', 'SYSTEM');
INSERT INTO member (member_id, name, employee_no, english_name, mobile, email, gender, birth_date, id_type, id_number, company_id, department_id, position_type, position_level, duty, hire_date, leave_date, member_status, report_to_id, work_city, gcp_certified, gcp_expiry_date, qualifications, therapeutic_exp, availability, availability_pct, avatar, remark, created_at, updated_at, created_by, updated_by)
VALUES (HR-1066, '于鸽', 'cyjc-yuge', NULL, '18543519133', NULL, 'MALE', '1983-04-15', NULL, '220502198304150444', CMP-9, DEPT-378, POS-418, NULL, '检验员', '2025-12-01', NULL, 'ACTIVE', NULL, NULL, 0, NULL, NULL, NULL, NULL, NULL, NULL, NULL, datetime('now'), datetime('now'), 'SYSTEM', 'SYSTEM');
INSERT INTO member (member_id, name, employee_no, english_name, mobile, email, gender, birth_date, id_type, id_number, company_id, department_id, position_type, position_level, duty, hire_date, leave_date, member_status, report_to_id, work_city, gcp_certified, gcp_expiry_date, qualifications, therapeutic_exp, availability, availability_pct, avatar, remark, created_at, updated_at, created_by, updated_by)
VALUES (HR-1078, '曾庆超', 'xjsw-zqc', NULL, '13931473869', NULL, 'MALE', NULL, NULL, NULL, CMP-11, DEPT-592, POS-596, NULL, '经理', '2026-04-01', NULL, 'ACTIVE', NULL, NULL, 0, NULL, NULL, NULL, NULL, NULL, NULL, NULL, datetime('now'), datetime('now'), 'SYSTEM', 'SYSTEM');
INSERT INTO member (member_id, name, employee_no, english_name, mobile, email, gender, birth_date, id_type, id_number, company_id, department_id, position_type, position_level, duty, hire_date, leave_date, member_status, report_to_id, work_city, gcp_certified, gcp_expiry_date, qualifications, therapeutic_exp, availability, availability_pct, avatar, remark, created_at, updated_at, created_by, updated_by)
VALUES (HR-1079, '黄保嘉', 'xjsw-hbj', NULL, '18822055949', NULL, 'MALE', NULL, NULL, NULL, CMP-11, DEPT-593, POS-597, NULL, '经理', '2026-04-01', NULL, 'ACTIVE', NULL, NULL, 0, NULL, NULL, NULL, NULL, NULL, NULL, NULL, datetime('now'), datetime('now'), 'SYSTEM', 'SYSTEM');
INSERT INTO member (member_id, name, employee_no, english_name, mobile, email, gender, birth_date, id_type, id_number, company_id, department_id, position_type, position_level, duty, hire_date, leave_date, member_status, report_to_id, work_city, gcp_certified, gcp_expiry_date, qualifications, therapeutic_exp, availability, availability_pct, avatar, remark, created_at, updated_at, created_by, updated_by)
VALUES (HR-1080, '赵君平（xjr）', 'xjsw-zhaojunping', NULL, '13321537669', NULL, 'MALE', NULL, NULL, NULL, CMP-11, DEPT-594, POS-595, NULL, '人力资源', '2026-04-03', NULL, 'ACTIVE', NULL, NULL, 0, NULL, NULL, NULL, NULL, NULL, NULL, NULL, datetime('now'), datetime('now'), 'SYSTEM', 'SYSTEM');

COMMIT;